Mass,Drag,Traction,Full Torque Over All Wheel,Top Speed,Wheel Radius,Car,Order
1100,0.15,1,2500,150,0.3,0,1
1500,0.05,0.5,2150,100,0.4,0,2
1900,0.15,0.5,2500,150,0.5,0,3
1500,0.15,0,2500,100,0.3,1,4
1900,0.05,0.5,3000,100,0.3,2,5
1100,0.05,0.5,2500,200,0.4,2,6
1100,0.05,0,2150,100,0.4,1,7
1100,0.15,0.5,2150,100,0.5,2,8
1500,0.05,0.5,3000,200,0.3,0,9
1900,0.1,1,3000,100,0.5,0,10
1900,0.15,1,2150,100,0.5,2,11
1100,0.15,1,2150,200,0.3,0,12
1900,0.15,0.5,3000,200,0.4,1,13
1100,0.15,1,3000,150,0.3,1,14
1500,0.1,1,2150,150,0.3,2,15
1900,0.05,0.5,3000,150,0.4,1,16
1900,0.1,0,3000,150,0.3,0,17
1500,0.05,1,2150,100,0.5,2,18
1900,0.1,0,2150,150,0.3,1,19
1100,0.05,0,2500,100,0.4,2,20
1100,0.05,0,3000,200,0.3,1,21
1900,0.1,0.5,2150,150,0.3,2,22
1500,0.1,0,2150,100,0.5,1,23
1100,0.15,1,2500,150,0.5,2,24
1900,0.05,0.5,3000,200,0.4,2,25
1500,0.15,0.5,2150,200,0.4,1,26
1500,0.05,0.5,2150,200,0.5,0,27
1500,0.1,0.5,2500,150,0.5,1,28
1100,0.1,1,2150,150,0.5,0,29
1100,0.15,0,2500,100,0.5,2,30
1500,0.15,0,3000,150,0.3,0,31
1500,0.15,0,3000,200,0.5,0,32
1500,0.05,0,2150,200,0.3,0,33
1900,0.15,0.5,2500,150,0.4,2,34
1500,0.1,0,3000,150,0.5,1,35
1500,0.05,1,3000,150,0.4,1,36
1500,0.1,0,2500,200,0.3,2,37
1500,0.1,0,2500,150,0.3,1,38
1100,0.1,1,3000,150,0.3,0,39
1900,0.15,1,2500,150,0.3,2,40
1500,0.05,0,3000,100,0.4,1,41
1900,0.15,1,2150,200,0.5,1,42
1900,0.05,0.5,2150,200,0.3,2,43
1500,0.15,0.5,2150,150,0.3,2,44
1100,0.05,1,2500,200,0.4,0,45
1900,0.15,0.5,2500,150,0.3,1,46
1900,0.15,0.5,3000,150,0.4,0,47
1100,0.15,0,2500,200,0.4,0,48
1900,0.1,0.5,2150,200,0.3,0,49
1900,0.15,0.5,2500,200,0.3,2,50
1500,0.1,1,2500,100,0.4,0,51
1900,0.1,0.5,2500,200,0.4,2,52
1500,0.05,0,2500,100,0.3,2,53
1100,0.15,0.5,2500,150,0.4,0,54
1500,0.1,1,2500,200,0.4,2,55
1900,0.15,1,2150,150,0.3,1,56
1900,0.05,0.5,2150,200,0.4,0,57
1500,0.05,0.5,3000,100,0.3,1,58
1100,0.05,1,2500,150,0.3,1,59
1500,0.1,0.5,2500,200,0.4,1,60
1500,0.05,1,2150,200,0.5,1,61
1100,0.15,1,2500,200,0.5,0,62
1900,0.1,1,2500,150,0.3,1,63
1900,0.1,1,2500,200,0.3,2,64
1900,0.1,0.5,2500,100,0.4,0,65
1900,0.15,0,2500,100,0.5,1,66
1900,0.1,0.5,3000,200,0.4,0,67
1500,0.1,0.5,3000,100,0.5,1,68
1900,0.1,1,2150,100,0.5,1,69
1100,0.15,1,3000,200,0.4,0,70
1100,0.1,0.5,3000,200,0.4,1,71
1100,0.1,1,2500,200,0.5,2,72
1500,0.15,0,2150,100,0.5,2,73
1100,0.05,0.5,2500,150,0.5,2,74
1500,0.15,1,3000,100,0.5,0,75
1900,0.15,0,3000,150,0.5,0,76
1100,0.05,1,3000,150,0.5,1,77
1500,0.1,0,2150,150,0.3,0,78
1500,0.1,0.5,2150,150,0.5,0,79
1900,0.1,0.5,3000,100,0.5,2,80
1500,0.15,0.5,2150,150,0.5,1,81
1100,0.15,0,2150,200,0.4,2,82
1900,0.1,0.5,2150,200,0.4,1,83
1100,0.05,0.5,3000,100,0.3,0,84
1500,0.15,0,3000,100,0.4,0,85
1100,0.15,0.5,3000,100,0.4,0,86
1100,0.05,0,2150,150,0.3,1,87
1100,0.15,0.5,2150,100,0.4,1,88
1100,0.15,0.5,3000,150,0.3,0,89
1500,0.05,0.5,3000,150,0.3,2,90
1900,0.15,1,2500,200,0.3,0,91
1900,0.05,0,2150,200,0.4,2,92
1100,0.1,0,3000,200,0.3,2,93
1900,0.15,0.5,3000,200,0.3,0,94
1100,0.1,0,3000,200,0.4,0,95
1100,0.05,0,3000,100,0.4,0,96
1100,0.15,0.5,2150,200,0.4,0,97
1500,0.05,0.5,2150,100,0.5,1,98
1100,0.15,0,3000,150,0.3,2,99
1900,0.15,0,2500,100,0.4,0,100
1900,0.05,0.5,2150,150,0.3,1,101
1900,0.1,1,2150,200,0.3,1,102
1500,0.1,0,2150,100,0.3,2,103
1900,0.05,1,3000,100,0.3,0,104
1500,0.15,1,2150,100,0.4,0,105
1500,0.05,0.5,2150,150,0.5,2,106
1500,0.05,1,2500,200,0.3,0,107
1100,0.15,1,2500,100,0.5,1,108
1900,0.15,0,2150,150,0.5,1,109
1500,0.1,1,3000,200,0.4,0,110
1100,0.1,0.5,3000,200,0.3,0,111
1500,0.05,1,2500,200,0.5,2,112
1900,0.1,0,2500,200,0.4,1,113
1900,0.05,0.5,2500,100,0.5,0,114
1100,0.15,1,2500,100,0.3,2,115
1500,0.15,0,2150,200,0.5,1,116
1500,0.05,0,3000,100,0.3,0,117
1100,0.05,1,2500,100,0.3,0,118
1100,0.1,0.5,2500,200,0.3,2,119
1500,0.1,0.5,2500,200,0.5,2,120
1500,0.05,1,2500,150,0.3,2,121
1100,0.15,1,3000,100,0.4,1,122
1500,0.05,0.5,2150,150,0.3,0,123
1100,0.1,1,2150,200,0.3,2,124
1100,0.15,0,3000,100,0.3,1,125
1500,0.1,0,2150,200,0.4,2,126
1500,0.05,0,2150,150,0.5,1,127
1500,0.05,0,3000,150,0.5,0,128
1500,0.1,0.5,2500,150,0.4,0,129
1100,0.15,0,3000,150,0.4,0,130
1500,0.05,1,3000,200,0.3,1,131
1100,0.15,0,3000,100,0.4,2,132
1900,0.1,0,3000,150,0.4,1,133
1100,0.15,0.5,3000,150,0.4,1,134
1500,0.15,0,2500,150,0.3,2,135
1500,0.15,1,2150,200,0.4,2,136
1500,0.15,0.5,3000,100,0.3,0,137
1100,0.15,0.5,2150,200,0.5,1,138
1900,0.15,0,2500,200,0.4,2,139
1100,0.15,0,2500,200,0.5,1,140
1900,0.15,0,3000,200,0.3,2,141
1900,0.05,1,2150,200,0.4,1,142
1100,0.15,1,3000,150,0.5,0,143
1100,0.1,1,2500,100,0.5,0,144
1100,0.1,0.5,2500,200,0.5,1,145
1900,0.1,1,3000,200,0.3,0,146
1500,0.1,0,2150,150,0.5,2,147
1500,0.1,0.5,2500,100,0.5,0,148
1100,0.1,0,2500,200,0.5,0,149
1100,0.05,0.5,2500,200,0.3,1,150
1500,0.1,1,3000,100,0.5,2,151
1900,0.15,0.5,3000,100,0.3,1,152
1900,0.05,0.5,2500,200,0.5,2,153
1100,0.15,0,2150,100,0.5,1,154
1500,0.15,1,2500,150,0.5,0,155
1900,0.05,0.5,2150,100,0.4,1,156
1500,0.1,0,2150,100,0.4,0,157
1900,0.05,1,2500,200,0.5,0,158
1900,0.05,1,3000,100,0.4,1,159
1900,0.05,0,3000,200,0.4,1,160
1500,0.05,1,3000,200,0.4,2,161
1100,0.1,1,2150,100,0.4,1,162
1100,0.05,0,2500,100,0.5,0,163
1500,0.05,0.5,2150,200,0.4,2,164
1500,0.15,1,3000,200,0.5,2,165
1100,0.05,1,2500,150,0.5,0,166
1500,0.05,0,3000,150,0.3,1,167
1100,0.05,0,2150,200,0.5,1,168
1100,0.1,0,2150,200,0.5,2,169
1500,0.15,1,2150,150,0.3,0,170
1100,0.1,1,3000,150,0.4,1,171
1100,0.15,1,2500,200,0.3,1,172
1100,0.1,1,2500,200,0.3,0,173
1900,0.1,0,2150,100,0.3,0,174
1100,0.1,0,2150,150,0.4,0,175
1500,0.05,0.5,2500,200,0.4,0,176
1500,0.05,0.5,2500,150,0.4,2,177
1100,0.1,0,2150,100,0.5,0,178
1500,0.15,0.5,2150,100,0.5,0,179
1900,0.1,0.5,2150,100,0.5,0,180
1500,0.1,0,3000,100,0.3,1,181
1100,0.1,0,2150,100,0.3,1,182
1500,0.05,0,2500,150,0.3,0,183
1500,0.05,1,2150,100,0.4,1,184
1100,0.1,0.5,3000,150,0.4,0,185
1900,0.1,1,2500,200,0.5,1,186
1900,0.05,0.5,2150,150,0.4,2,187
1500,0.05,1,2500,200,0.4,1,188
1500,0.05,1,2500,100,0.3,1,189
1500,0.15,0,3000,200,0.3,1,190
1500,0.1,0.5,3000,100,0.3,2,191
1900,0.15,0,3000,100,0.5,2,192
1500,0.1,0.5,2150,200,0.4,0,193
1500,0.15,1,2150,100,0.3,2,194
1900,0.15,0,3000,150,0.4,2,195
1100,0.1,0.5,3000,100,0.5,0,196
1500,0.1,0.5,2150,200,0.3,2,197
1100,0.05,0.5,2150,100,0.4,2,198
1500,0.15,1,2500,100,0.3,0,199
1500,0.15,0.5,2500,200,0.4,2,200
1900,0.1,0,2150,200,0.4,0,201
1900,0.05,1,2150,150,0.3,2,202
1500,0.15,0,3000,100,0.5,1,203
1900,0.1,0.5,2500,150,0.3,0,204
1500,0.15,0.5,3000,200,0.4,0,205
1900,0.15,1,2500,100,0.4,2,206
1900,0.1,1,3000,150,0.5,1,207
1900,0.05,0.5,2500,100,0.3,1,208
1100,0.1,1,2500,150,0.3,2,209
1900,0.05,1,2500,200,0.4,2,210
1900,0.1,1,3000,200,0.5,2,211
1900,0.05,1,2150,100,0.4,2,212
1900,0.05,1,3000,100,0.5,2,213
1900,0.1,0,3000,200,0.5,0,214
1900,0.05,1,2150,200,0.5,2,215
1900,0.1,1,3000,100,0.4,2,216
1100,0.15,1,2150,150,0.5,1,217
1500,0.15,1,2500,200,0.3,2,218
1900,0.1,0,2150,200,0.3,2,219
1900,0.05,1,2150,200,0.3,0,220
1500,0.05,1,3000,200,0.5,0,221
1100,0.1,0.5,2500,100,0.4,1,222
1100,0.05,0,2150,150,0.4,2,223
1500,0.1,0,2500,150,0.5,0,224
1500,0.1,1,2150,150,0.5,1,225
1900,0.05,0,3000,100,0.3,1,226
1100,0.1,1,2150,200,0.5,1,227
1900,0.05,0,3000,200,0.5,2,228
1900,0.05,0.5,2500,200,0.4,1,229
1100,0.05,1,3000,100,0.5,0,230
1500,0.05,0,2150,100,0.3,1,231
1500,0.1,1,2150,100,0.5,0,232
1100,0.15,0.5,3000,200,0.5,0,233
1500,0.05,0,2150,150,0.4,0,234
1500,0.05,1,2500,150,0.5,1,235
1100,0.05,0.5,3000,200,0.3,2,236
1100,0.05,0,2500,150,0.3,2,237
1900,0.1,0.5,2500,100,0.3,2,238
1900,0.1,1,2150,200,0.4,2,239
1100,0.1,0,2150,100,0.4,2,240
1500,0.1,0,2500,100,0.3,0,241
1100,0.1,0.5,2500,100,0.3,0,242
1500,0.15,0.5,2500,100,0.3,2,243
1900,0.15,1,2500,200,0.5,2,244
1100,0.15,1,2150,200,0.5,2,245
1100,0.05,0.5,3000,100,0.4,1,246
1100,0.05,1,2150,150,0.5,2,247
1100,0.15,0.5,2500,100,0.5,0,248
1500,0.05,0,3000,150,0.4,2,249
1900,0.15,0.5,2500,200,0.5,1,250
1900,0.15,0,3000,200,0.5,1,251
1100,0.1,0.5,2150,200,0.4,2,252
1900,0.1,0.5,2500,200,0.3,1,253
1900,0.15,0,2150,150,0.4,0,254
1500,0.1,0.5,2500,200,0.3,0,255
1900,0.15,0.5,3000,150,0.3,2,256
1900,0.05,1,2500,150,0.5,2,257
1900,0.1,0.5,3000,200,0.3,2,258
1500,0.1,0,2500,100,0.4,1,259
1900,0.1,1,3000,150,0.4,0,260
1500,0.15,1,2150,100,0.5,1,261
1100,0.15,0.5,2500,200,0.4,1,262
1100,0.05,0,2150,150,0.5,0,263
1500,0.05,0.5,3000,100,0.5,0,264
1100,0.05,1,2150,200,0.5,0,265
1100,0.05,0.5,2150,150,0.4,0,266
1100,0.05,1,3000,100,0.4,2,267
1500,0.15,0,3000,150,0.5,2,268
1500,0.15,1,3000,150,0.3,2,269
1100,0.1,1,2500,100,0.3,1,270
1100,0.15,0.5,2500,200,0.5,2,271
1100,0.1,1,2500,200,0.4,1,272
1100,0.05,0.5,2150,200,0.5,2,273
1900,0.1,1,2150,150,0.3,0,274
1100,0.05,0,2150,200,0.4,0,275
1500,0.15,1,3000,100,0.3,1,276
1100,0.15,0,2150,100,0.4,0,277
1500,0.15,0,2150,150,0.5,0,278
1100,0.05,0.5,2150,150,0.3,2,279
1500,0.15,0.5,2500,150,0.4,1,280
1900,0.05,0,2500,200,0.5,1,281
1900,0.05,1,3000,200,0.5,1,282
1500,0.05,1,2500,100,0.5,0,283
1500,0.1,0.5,3000,100,0.4,0,284
1500,0.1,0.5,2150,100,0.4,1,285
1900,0.1,0,2150,200,0.5,1,286
1500,0.05,0.5,3000,200,0.4,1,287
1500,0.15,0.5,3000,200,0.5,1,288
1100,0.05,1,2500,200,0.3,2,289
1100,0.05,1,2150,150,0.4,1,290
1100,0.15,0,3000,100,0.5,0,291
1500,0.15,1,3000,150,0.5,1,292
1500,0.1,0,3000,200,0.3,0,293
1100,0.05,1,3000,100,0.3,1,294
1900,0.1,0,2500,200,0.3,0,295
1500,0.15,0.5,2500,100,0.5,1,296
1500,0.15,0,2500,200,0.4,1,297
1900,0.1,1,2500,150,0.4,2,298
1100,0.15,0.5,2500,150,0.5,1,299
1100,0.1,1,3000,100,0.5,1,300
1500,0.05,0,2500,200,0.4,2,301
1900,0.15,0,2500,150,0.4,1,302
1500,0.1,1,2150,150,0.4,0,303
1100,0.1,1,2500,150,0.4,0,304
1900,0.05,0.5,2500,150,0.3,2,305
1500,0.05,1,2150,200,0.3,2,306
1100,0.15,0.5,2150,100,0.3,0,307
1100,0.15,1,2150,150,0.3,2,308
1900,0.15,1,3000,100,0.4,0,309
1500,0.1,0,3000,200,0.4,1,310
1900,0.05,0,2500,150,0.3,1,311
1500,0.15,0.5,3000,150,0.5,0,312
1100,0.05,1,2150,150,0.3,0,313
1500,0.1,1,2500,200,0.5,0,314
1900,0.05,0,3000,100,0.5,0,315
1900,0.15,0.5,2500,100,0.3,0,316
1900,0.05,0,3000,100,0.4,2,317
1100,0.1,0,2500,100,0.3,2,318
1900,0.1,0.5,2500,150,0.5,2,319
1500,0.15,0,2500,150,0.4,0,320
1900,0.05,1,2500,200,0.3,1,321
1900,0.15,0.5,3000,150,0.5,1,322
1100,0.1,0,2150,150,0.5,1,323
1100,0.15,1,2500,100,0.4,0,324
1900,0.05,0.5,2500,200,0.3,0,325
1100,0.1,0,2500,100,0.4,0,326
1100,0.1,0,2500,200,0.4,2,327
1100,0.15,0.5,3000,200,0.4,2,328
1100,0.15,0.5,2150,200,0.3,2,329
1900,0.05,0.5,2150,100,0.5,2,330
1900,0.1,0.5,2150,100,0.3,1,331
1900,0.1,0,3000,200,0.4,2,332
1900,0.05,0,3000,200,0.3,0,333
1900,0.15,0.5,3000,100,0.5,0,334
1900,0.05,1,3000,150,0.4,2,335
1900,0.15,0,3000,150,0.3,1,336
1500,0.1,0,2500,100,0.5,2,337
1500,0.05,0,2150,150,0.3,2,338
1100,0.05,0,3000,200,0.4,2,339
1500,0.05,1,2150,100,0.3,0,340
1100,0.1,1,2500,100,0.4,2,341
1500,0.05,1,3000,150,0.3,0,342
1500,0.1,0.5,2150,200,0.5,1,343
1100,0.15,0,3000,150,0.5,1,344
1500,0.1,1,2150,100,0.4,2,345
1500,0.1,0.5,2500,150,0.3,2,346
1900,0.15,0.5,2150,100,0.3,2,347
1500,0.05,0,2150,200,0.4,1,348
1900,0.1,0,2150,100,0.4,1,349
1900,0.1,1,2150,100,0.3,2,350
1500,0.15,0.5,3000,200,0.3,2,351
1100,0.1,0,2150,200,0.3,0,352
1500,0.05,0,3000,200,0.3,2,353
1500,0.15,0,2500,150,0.5,1,354
1100,0.15,0.5,2500,100,0.3,1,355
1500,0.1,0,2500,200,0.5,1,356
1100,0.05,0,2500,150,0.5,1,357
1500,0.15,0,2500,100,0.5,0,358
1900,0.05,0,3000,150,0.5,1,359
1500,0.05,1,2150,150,0.5,0,360
1500,0.05,0,2500,100,0.4,0,361
1500,0.15,0,2500,200,0.3,0,362
1900,0.05,1,3000,150,0.5,0,363
1500,0.15,0.5,2150,100,0.4,2,364
1900,0.1,0,2500,100,0.4,2,365
1100,0.15,0,3000,200,0.4,1,366
1500,0.05,0.5,3000,100,0.4,2,367
1500,0.05,0.5,2500,200,0.3,2,368
1100,0.05,1,2150,100,0.3,2,369
1900,0.1,0.5,2150,100,0.4,2,370
1100,0.05,0,2500,200,0.3,0,371
1900,0.1,0.5,3000,150,0.4,2,372
1100,0.15,0,2150,200,0.5,0,373
1500,0.15,0,2150,100,0.3,0,374
1500,0.15,1,2500,200,0.4,0,375
1100,0.15,0.5,2500,100,0.4,2,376
1900,0.05,1,2150,150,0.5,1,377
1500,0.1,0,2500,150,0.4,2,378
1900,0.05,0,2150,200,0.5,0,379
1100,0.1,0,2500,100,0.5,1,380
1100,0.15,0,2150,150,0.5,2,381
1500,0.1,0,3000,100,0.4,2,382
1100,0.05,0,2150,200,0.3,2,383
1900,0.05,0.5,2500,100,0.4,2,384
1900,0.15,0,2150,100,0.3,1,385
1900,0.1,0.5,2500,100,0.5,1,386
1100,0.05,0,3000,200,0.5,0,387
1100,0.05,0,2500,200,0.4,1,388
1100,0.1,0,2150,150,0.3,2,389
1900,0.1,1,2150,200,0.5,0,390
1100,0.05,0,3000,150,0.5,2,391
1100,0.1,0.5,3000,100,0.3,1,392
1100,0.05,1,2500,100,0.4,1,393
1500,0.1,1,3000,200,0.5,1,394
1500,0.1,0,3000,200,0.5,2,395
1900,0.05,0.5,3000,100,0.5,1,396
1500,0.1,1,2500,150,0.5,2,397
1100,0.1,0.5,3000,150,0.3,2,398
1500,0.15,1,3000,150,0.4,0,399
1100,0.15,1,3000,100,0.5,2,400
1100,0.1,1,3000,150,0.5,2,401
1900,0.1,1,3000,200,0.4,1,402
1500,0.05,0.5,2500,200,0.5,1,403
1100,0.1,1,2150,150,0.4,2,404
1500,0.05,0.5,3000,150,0.5,1,405
1900,0.15,0.5,2500,200,0.4,0,406
1100,0.15,0,2500,100,0.4,1,407
1100,0.05,0.5,2500,100,0.5,1,408
1900,0.15,1,3000,100,0.3,2,409
1100,0.1,0.5,2500,150,0.5,0,410
1900,0.15,0.5,2150,200,0.3,1,411
1500,0.1,1,3000,150,0.5,0,412
1500,0.15,1,2150,200,0.5,0,413
1900,0.15,0,2150,200,0.5,2,414
1900,0.05,0.5,2500,150,0.5,1,415
1500,0.15,1,2150,150,0.5,2,416
1900,0.15,0.5,2500,100,0.5,2,417
1500,0.15,0,2150,200,0.4,0,418
1900,0.1,1,2500,100,0.4,1,419
1900,0.1,0,3000,100,0.3,2,420
1500,0.1,0,3000,150,0.3,2,421
1500,0.05,1,2500,100,0.4,2,422
1900,0.05,1,2150,100,0.3,1,423
1500,0.1,0,3000,150,0.4,0,424
1100,0.15,0.5,2500,200,0.3,0,425
1100,0.15,0,2500,100,0.3,0,426
1900,0.1,0.5,3000,200,0.5,1,427
1100,0.05,0.5,3000,200,0.5,1,428
1900,0.15,1,2150,100,0.4,1,429
1100,0.05,1,3000,200,0.3,0,430
1900,0.1,1,3000,100,0.3,1,431
1500,0.15,0.5,2500,200,0.5,0,432
1100,0.05,0.5,3000,150,0.4,2,433
1500,0.1,0.5,2500,100,0.4,2,434
1900,0.05,0.5,2150,100,0.3,0,435
1500,0.15,0.5,2150,150,0.4,0,436
1100,0.15,1,2150,100,0.4,2,437
1900,0.15,0,2500,200,0.5,0,438
1900,0.05,1,3000,200,0.3,2,439
1100,0.05,0.5,2500,150,0.3,0,440
1500,0.05,0.5,3000,200,0.5,2,441
1900,0.05,1,2150,150,0.4,0,442
1900,0.05,1,2500,100,0.3,2,443
1900,0.15,0,3000,100,0.4,1,444
1100,0.1,0,3000,150,0.4,2,445
1500,0.15,1,3000,200,0.3,0,446
1900,0.05,0.5,3000,100,0.4,0,447
1500,0.15,1,2500,200,0.5,1,448
1100,0.1,0.5,3000,100,0.4,2,449
1500,0.05,0,2500,200,0.5,0,450
1500,0.1,1,3000,150,0.3,1,451
1100,0.15,1,2150,200,0.4,1,452
1900,0.1,0,3000,200,0.3,1,453
1500,0.1,1,2500,200,0.3,1,454
1900,0.15,0.5,2500,100,0.4,1,455
1500,0.15,0.5,2500,150,0.3,0,456
1100,0.1,0,2500,150,0.5,2,457
1500,0.1,1,2500,150,0.3,0,458
1500,0.1,1,2500,100,0.3,2,459
1900,0.15,0,2500,150,0.5,2,460
1100,0.05,1,2500,150,0.4,2,461
1900,0.1,0,3000,100,0.4,0,462
1500,0.15,0,2500,100,0.4,2,463
1100,0.1,0.5,2150,150,0.3,0,464
1500,0.05,1,3000,100,0.5,1,465
1100,0.1,1,2150,100,0.5,2,466
1900,0.1,0,2150,100,0.5,2,467
1500,0.15,1,3000,200,0.4,1,468
1500,0.1,0,2500,200,0.4,0,469
1900,0.05,0,3000,150,0.3,2,470
1100,0.05,1,2150,200,0.3,1,471
1100,0.1,0.5,2150,150,0.5,2,472
1500,0.15,0.5,2150,200,0.5,2,473
1100,0.05,0.5,2150,150,0.5,1,474
1100,0.1,0.5,2500,100,0.5,2,475
1500,0.15,1,2500,100,0.5,2,476
1900,0.15,1,2150,200,0.3,2,477
1500,0.05,0.5,2500,100,0.5,2,478
1500,0.05,0.5,2500,150,0.5,0,479
1900,0.1,0,2500,150,0.5,1,480
1500,0.05,1,3000,150,0.5,2,481
1100,0.15,0,2500,150,0.4,2,482
1100,0.15,0,2500,150,0.5,0,483
1100,0.05,0,2500,200,0.5,2,484
1100,0.15,0,3000,200,0.3,0,485
1100,0.05,0,3000,100,0.5,1,486
1500,0.05,0.5,2500,150,0.3,1,487
1100,0.1,1,3000,100,0.4,0,488
1900,0.05,0,2150,100,0.5,1,489
1500,0.05,0,3000,200,0.4,0,490
1500,0.1,0.5,2150,100,0.3,0,491
1500,0.15,0,3000,100,0.3,2,492
1100,0.15,0.5,2150,150,0.3,1,493
1500,0.15,1,2500,150,0.3,1,494
1900,0.05,0,2500,150,0.5,0,495
1900,0.1,0.5,3000,150,0.3,1,496
1100,0.05,1,3000,200,0.5,2,497
1900,0.15,1,3000,100,0.5,1,498
1900,0.05,0.5,3000,150,0.3,0,499
1900,0.1,1,2500,200,0.4,0,500
1100,0.1,0,3000,150,0.5,0,501
1900,0.1,1,2500,150,0.5,0,502
1900,0.05,1,2500,100,0.4,0,503
1100,0.05,0.5,3000,150,0.3,1,504
1500,0.1,1,3000,150,0.4,2,505
1900,0.15,1,3000,200,0.3,1,506
1500,0.05,0,2150,200,0.5,2,507
1900,0.05,1,3000,150,0.3,1,508
1500,0.1,0.5,3000,200,0.5,0,509
1100,0.15,0.5,3000,100,0.5,1,510
1900,0.1,0,3000,150,0.5,2,511
1900,0.15,0,2150,150,0.3,2,512
1500,0.15,0.5,3000,150,0.3,1,513
1900,0.1,1,2150,150,0.4,1,514
1100,0.05,1,3000,150,0.4,0,515
1100,0.05,0,3000,150,0.3,0,516
1100,0.05,0,3000,100,0.3,2,517
1900,0.15,1,2500,200,0.4,1,518
1100,0.1,0.5,2150,100,0.5,1,519
1500,0.05,1,2500,150,0.4,0,520
1900,0.05,1,2500,100,0.5,1,521
1500,0.15,0,2150,150,0.3,1,522
1500,0.05,0,2500,150,0.4,1,523
1500,0.05,0.5,2150,150,0.4,1,524
1100,0.1,1,2150,150,0.3,1,525
1900,0.05,0,2150,150,0.5,2,526
1500,0.1,0.5,3000,150,0.5,2,527
1100,0.15,1,3000,150,0.4,2,528
1900,0.05,0,2150,100,0.4,0,529
1900,0.05,1,2500,150,0.4,1,530
1500,0.1,0,2150,200,0.5,0,531
1500,0.05,0,3000,100,0.5,2,532
1900,0.1,0.5,3000,100,0.3,0,533
1900,0.05,0,2500,100,0.3,0,534
1500,0.1,0.5,2150,150,0.4,2,535
1900,0.1,0,2500,150,0.3,2,536
1500,0.05,0,2150,100,0.5,0,537
1900,0.05,0,2500,200,0.3,2,538
1100,0.15,1,3000,200,0.5,1,539
1900,0.15,1,2150,100,0.3,0,540
1900,0.05,0,2150,150,0.4,1,541
1900,0.05,0.5,3000,200,0.3,1,542
1500,0.1,0.5,3000,150,0.4,1,543
1500,0.05,0.5,2150,200,0.3,1,544
1100,0.1,0.5,2500,150,0.3,1,545
1900,0.1,0,2500,200,0.5,2,546
1100,0.1,0,3000,150,0.3,1,547
1100,0.05,0,2150,100,0.5,2,548
1100,0.05,0.5,2500,150,0.4,1,549
1900,0.05,0.5,3000,200,0.5,0,550
1100,0.15,0,2500,150,0.3,1,551
1900,0.1,1,2500,100,0.3,0,552
1900,0.1,0.5,2150,150,0.4,0,553
1100,0.1,0.5,2150,150,0.4,1,554
1900,0.1,0,2150,150,0.4,2,555
1500,0.15,0.5,2500,100,0.4,0,556
1900,0.15,0,3000,200,0.4,0,557
1100,0.05,0.5,2150,100,0.5,0,558
1100,0.15,0.5,2150,150,0.5,0,559
1500,0.05,0,2500,100,0.5,1,560
1100,0.05,0.5,2500,100,0.4,0,561
1500,0.05,1,2150,150,0.4,2,562
1900,0.1,1,3000,150,0.3,2,563
1100,0.1,0,3000,100,0.3,0,564
1500,0.1,1,2500,150,0.4,1,565
1100,0.1,0,3000,200,0.5,1,566
1500,0.1,1,2150,200,0.3,0,567
1900,0.05,0,3000,150,0.4,0,568
1500,0.1,1,2500,100,0.5,1,569
1100,0.1,0.5,2500,200,0.4,0,570
1100,0.1,0,2500,150,0.4,1,571
1100,0.1,1,2150,200,0.4,0,572
1500,0.1,1,2150,200,0.4,1,573
1100,0.15,0,2150,100,0.3,2,574
1100,0.05,1,3000,200,0.4,1,575
1900,0.1,1,2500,100,0.5,2,576
1900,0.15,0,3000,100,0.3,0,577
1500,0.1,1,3000,200,0.3,2,578
1100,0.1,0.5,2150,200,0.3,1,579
1100,0.1,0.5,3000,150,0.5,1,580
1100,0.05,0.5,2150,200,0.3,0,581
1500,0.15,0.5,3000,150,0.4,2,582
1500,0.1,0,2150,150,0.4,1,583
1100,0.1,0,2500,200,0.3,1,584
1900,0.15,0,2150,100,0.5,0,585
1900,0.1,0,3000,100,0.5,1,586
1900,0.1,0.5,3000,150,0.5,0,587
1500,0.1,1,3000,100,0.3,0,588
1900,0.15,1,3000,150,0.4,1,589
1500,0.15,0.5,3000,100,0.5,2,590
1100,0.05,1,2150,100,0.5,1,591
1100,0.1,0,3000,100,0.5,2,592
1900,0.05,0,2150,200,0.3,1,593
1100,0.15,1,2150,100,0.3,1,594
1100,0.15,1,2500,150,0.4,1,595
1500,0.15,0,3000,150,0.4,1,596
1100,0.15,0,2150,150,0.3,0,597
1100,0.15,0.5,2500,150,0.3,2,598
1500,0.05,0.5,2500,100,0.3,0,599
1900,0.15,1,2500,100,0.3,1,600
1900,0.15,1,2150,150,0.5,0,601
1500,0.1,0.5,2150,100,0.5,2,602
1500,0.15,0.5,3000,100,0.4,1,603
1900,0.1,1,2150,100,0.4,0,604
1900,0.15,0,2150,200,0.4,1,605
1100,0.05,0.5,2500,200,0.5,0,606
1500,0.05,0,3000,200,0.5,1,607
1900,0.15,0.5,2150,100,0.4,0,608
1900,0.1,0,2150,150,0.5,0,609
1100,0.1,1,3000,200,0.5,0,610
1900,0.1,0,2500,100,0.3,1,611
1100,0.05,1,3000,150,0.3,2,612
1500,0.1,1,2150,200,0.5,2,613
1500,0.1,0.5,3000,200,0.4,2,614
1100,0.15,0.5,2150,150,0.4,2,615
1500,0.15,0,2150,200,0.3,2,616
1100,0.05,0,3000,150,0.4,1,617
1100,0.1,0.5,2500,150,0.4,2,618
1900,0.05,0,2500,100,0.4,1,619
1900,0.05,0,2500,150,0.4,2,620
1500,0.15,0.5,2150,200,0.3,0,621
1900,0.05,0,2150,150,0.3,0,622
1900,0.15,0.5,2150,100,0.5,1,623
1900,0.05,0,2500,100,0.5,2,624
1100,0.1,1,2500,150,0.5,1,625
1900,0.15,0.5,2150,150,0.5,2,626
1900,0.15,0.5,2150,200,0.4,2,627
1900,0.1,0,2500,100,0.5,0,628
1100,0.1,0.5,2150,200,0.5,0,629
1900,0.15,0,2500,150,0.3,0,630
1500,0.15,0,2150,150,0.4,2,631
1900,0.05,0,2150,100,0.3,2,632
1100,0.1,1,3000,200,0.4,2,633
1900,0.1,1,2150,150,0.5,2,634
1900,0.05,1,3000,200,0.4,0,635
1900,0.15,1,2500,100,0.5,0,636
1500,0.05,1,3000,100,0.4,0,637
1500,0.05,0.5,2500,100,0.4,1,638
1900,0.1,0.5,2500,200,0.5,0,639
1900,0.15,1,2500,150,0.4,0,640
1500,0.05,0.5,2150,100,0.3,2,641
1900,0.05,0.5,3000,150,0.5,2,642
1900,0.15,1,3000,150,0.3,0,643
1100,0.05,0,2150,100,0.3,0,644
1100,0.15,1,2150,150,0.4,0,645
1500,0.15,0.5,2500,200,0.3,1,646
1100,0.05,1,2500,200,0.5,1,647
1900,0.05,1,2150,100,0.5,0,648
1900,0.15,1,3000,200,0.5,0,649
1500,0.15,0,2500,200,0.5,2,650
1100,0.1,0.5,2150,100,0.3,2,651
1100,0.15,0.5,3000,100,0.3,2,652
1100,0.15,0,2150,200,0.3,1,653
1500,0.05,0.5,3000,150,0.4,0,654
1100,0.05,0.5,2500,100,0.3,2,655
1100,0.15,0,2150,150,0.4,1,656
1500,0.15,1,2500,150,0.4,2,657
1900,0.1,0.5,2500,150,0.4,1,658
1500,0.05,1,2150,150,0.3,1,659
1100,0.1,0,3000,100,0.4,1,660
1100,0.15,0.5,3000,200,0.3,1,661
1900,0.1,0.5,2150,150,0.5,1,662
1100,0.05,0.5,2150,100,0.3,1,663
1900,0.15,1,2150,200,0.4,0,664
1100,0.05,0.5,3000,150,0.5,0,665
1500,0.15,0,3000,200,0.4,2,666
1100,0.05,0.5,3000,200,0.4,0,667
1100,0.05,1,2500,100,0.5,2,668
1100,0.1,1,3000,200,0.3,1,669
1900,0.15,1,3000,200,0.4,2,670
1500,0.1,0.5,2500,100,0.3,1,671
1100,0.05,0,2500,150,0.4,0,672
1900,0.15,0,2150,200,0.3,0,673
1500,0.05,1,3000,100,0.3,2,674
1900,0.1,0,2500,150,0.4,0,675
1900,0.15,0.5,3000,100,0.4,2,676
1900,0.15,1,2500,150,0.5,1,677
1500,0.15,1,2500,100,0.4,1,678
1100,0.1,1,2150,100,0.3,0,679
1100,0.15,1,2150,100,0.5,0,680
1500,0.05,0,2500,200,0.3,1,681
1100,0.1,0,2150,200,0.4,1,682
1900,0.1,0.5,2150,200,0.5,2,683
1500,0.1,0,3000,100,0.5,0,684
1900,0.15,0,2150,100,0.4,2,685
1100,0.05,1,2150,200,0.4,2,686
1100,0.05,0,2500,100,0.3,1,687
1100,0.05,1,2150,100,0.4,0,688
1500,0.1,0,2150,200,0.3,1,689
1500,0.1,0.5,3000,200,0.3,1,690
1900,0.15,0.5,2150,150,0.4,1,691
1900,0.15,0,2500,100,0.3,2,692
1100,0.1,1,3000,100,0.3,2,693
1500,0.15,0.5,2150,100,0.3,1,694
1900,0.05,0,2500,200,0.4,0,695
1100,0.1,0.5,2150,100,0.4,0,696
1900,0.1,0.5,3000,100,0.4,1,697
1100,0.15,1,2500,200,0.4,2,698
1500,0.15,1,2150,150,0.4,1,699
1100,0.15,0,2500,200,0.3,2,700
1500,0.05,0,2150,100,0.4,2,701
1100,0.15,1,3000,200,0.3,2,702
1100,0.1,0.5,3000,200,0.5,2,703
1900,0.05,0.5,2150,150,0.5,0,704
1100,0.15,1,3000,100,0.3,0,705
1500,0.1,0.5,2150,150,0.3,1,706
1100,0.15,0.5,3000,150,0.5,2,707
1500,0.05,1,2150,200,0.4,0,708
1500,0.1,1,2150,100,0.3,1,709
1500,0.15,1,2150,200,0.3,1,710
1900,0.15,1,2150,150,0.4,2,711
1100,0.05,0.5,2150,200,0.4,1,712
1100,0.15,0,3000,200,0.5,2,713
1900,0.05,1,2500,150,0.3,0,714
1900,0.05,0.5,2500,150,0.4,0,715
1900,0.15,0.5,2150,150,0.3,0,716
1900,0.05,0.5,2150,200,0.5,1,717
1900,0.15,0.5,3000,200,0.5,2,718
1900,0.15,0,2500,200,0.3,1,719
1500,0.1,0.5,3000,150,0.3,0,720
1500,0.15,0,2150,100,0.4,1,721
1500,0.15,0.5,2500,150,0.5,2,722
1900,0.15,0.5,2150,200,0.5,0,723
1500,0.15,1,3000,100,0.4,2,724
1500,0.05,0,2500,150,0.5,2,725
1900,0.15,1,3000,150,0.5,2,726
1500,0.1,1,3000,100,0.4,1,727
1100,0.1,0,2500,150,0.3,0,728
1100,0.05,0.5,3000,100,0.5,2,729