Mass,Drag,Traction,Full Torque Over All Wheel,Top Speed,Wheel Radius,Car,Order,Speed Reached,Time to 30,Time to 60,Time to 100,Time to Completion
1100,0.15,1,2500,150,0.3,0,1,101.9638,3.512802,6.841782,21.22942,24.5763
1500,0.05,0.5,2150,100,0.4,0,2,100.0523,4.959961,10.53584,22.01532,27.18338
1900,0.15,0.5,2500,150,0.5,0,3,38.74321,11.14407, , ,53.85929
1500,0.15,0,2500,100,0.3,1,4,77.54942,3.325593,9.625021, ,29.38571
1900,0.05,0.5,3000,100,0.3,2,5,100.1227,4.112527,7.496305,13.17197,24.28406
1100,0.05,0.5,2500,200,0.4,2,6,150.6362,3.207276,6.280066,11.34693,20.70332
1100,0.05,0,2150,100,0.4,1,7,100.1074,3.166176,6.865621,13.32124,23.74194
1100,0.15,0.5,2150,100,0.5,2,8,56.7438,5.673001, , ,38.63221
1500,0.05,0.5,3000,200,0.3,0,9,165.3302,3.003961,5.524622,9.580608,19.11978
1900,0.1,1,3000,100,0.5,0,10,67.25031,8.00091,22.48749, ,37.72764
1900,0.15,1,2150,100,0.5,2,11,33.39521,17.48311, , ,62.31815
1100,0.15,1,2150,200,0.3,0,12,88.70321,4.065675,8.503393, ,27.52508
1900,0.15,0.5,3000,200,0.4,1,13,57.26656,6.275707, , ,38.87222
1100,0.15,1,3000,150,0.3,1,14,120.1761,3.468827,5.921949,12.00906,22.08129
1500,0.1,1,2150,150,0.3,2,15,93.11916,5.070661,10.51031, ,28.58458
1900,0.05,0.5,3000,150,0.4,1,16,119.7639,4.925551,9.70975,18.82885,25.68089
1900,0.1,0,3000,150,0.3,0,17,102.3633,3.132886,7.605177,22.66016,25.09395
1500,0.05,1,2150,100,0.5,2,18,95.84176,7.359697,15.04794, ,31.71983
1900,0.1,0,2150,150,0.3,1,19,76.47891,4.627779,13.66014, ,31.81544
1100,0.05,0,2500,100,0.4,2,20,100.1427,2.665731,5.769239,10.8215,22.75667
1100,0.05,0,3000,200,0.3,1,21,197.8524,2.299025,4.496075,7.566255,16.76869
1900,0.1,0.5,2150,150,0.3,2,22,76.46558,5.423446,14.4114, ,32.5349
1500,0.1,0,2150,100,0.5,1,23,61.23719,6.571467,31.9619, ,38.36582
1100,0.15,1,2500,150,0.5,2,24,65.73813,5.373491,17.34537, ,34.96542
1900,0.05,0.5,3000,200,0.4,2,25,119.7159,4.919737,9.738862,18.83809,25.65838
1500,0.15,0.5,2150,200,0.4,1,26,51.79878,6.45084, , ,41.68318
1500,0.05,0.5,2150,200,0.5,0,27,95.81239,6.2585,13.94576, ,30.58149
1500,0.1,0.5,2500,150,0.5,1,28,70.37019,6.187818,18.35669, ,35.06448
1100,0.1,1,2150,150,0.5,0,29,80.6199,5.917144,13.97388, ,32.14608
1100,0.15,0,2500,100,0.5,2,30,65.74016,4.112471,16.10554, ,33.72562
1500,0.15,0,3000,150,0.3,0,31,92.06006,2.900204,7.60038, ,25.94348
1500,0.15,0,3000,200,0.5,0,32,58.34764,4.886122, , ,37.22904
1500,0.05,0,2150,200,0.3,0,33,132.3565,3.220468,7.056903,13.94426,22.46085
1900,0.15,0.5,2500,150,0.4,2,34,47.84781,7.575385, , ,44.7709
1500,0.1,0,3000,150,0.5,1,35,82.8941,4.278497,11.7538, ,30.038
1500,0.05,1,3000,150,0.4,1,36,139.7885,5.426603,8.947043,15.00588,23.88372
1500,0.1,0,2500,200,0.3,2,37,105.9647,2.941623,7.093935,19.51432,24.36517
1500,0.1,0,2500,150,0.3,1,38,105.9647,2.933922,7.100922,19.51077,24.37389
1100,0.1,1,3000,150,0.3,0,39,150.0718,3.337199,5.405594,9.141221,19.39743
1900,0.15,1,2500,150,0.3,2,40,62.33355,7.404736,23.86066, ,37.93272
1500,0.05,0,3000,100,0.4,1,41,100.1153,3.013315,6.56512,12.6164,23.49001
1900,0.15,1,2150,200,0.5,1,42,33.39516,17.48419, , ,62.31555
1900,0.05,0.5,2150,200,0.3,2,43,113.475,4.776046,10.00363,20.64414,26.31213
1500,0.15,0.5,2150,150,0.3,2,44,67.08652,4.500601,14.97295, ,33.5142
1100,0.05,1,2500,200,0.4,0,45,150.5354,3.938357,7.037872,12.09178,21.42518
1900,0.15,0.5,2500,150,0.3,1,46,62.33953,5.185993,21.67272, ,35.87646
1900,0.15,0.5,3000,150,0.4,0,47,57.26594,6.251639, , ,38.85103
1100,0.15,0,2500,200,0.4,0,48,80.27737,3.103256,8.988235, ,28.54602
1900,0.1,0.5,2150,200,0.3,0,49,76.45944,5.414762,14.43498, ,32.519
1900,0.15,0.5,2500,200,0.3,2,50,62.3386,5.220615,21.67567, ,35.8479
1500,0.1,1,2500,100,0.4,0,51,84.80889,7.808993,14.75916, ,33.05087
1900,0.1,0.5,2500,200,0.4,2,52,69.05531,6.446239,19.40172, ,35.65802
1500,0.05,0,2500,100,0.3,2,53,100.1325,2.706138,5.874352,11.19349,22.86584
1100,0.15,0.5,2500,150,0.4,0,54,80.27135,3.719337,9.554249, ,29.1107
1500,0.1,1,2500,200,0.4,2,55,84.79954,7.933648,14.77659, ,33.0258
1900,0.15,1,2150,150,0.3,1,56,53.78085,8.095166, , ,42.27343
1900,0.05,0.5,2150,200,0.4,0,57,94.31276,6.362863,14.26305, ,30.96643
1500,0.05,0.5,3000,100,0.3,1,58,100.1816,2.990496,5.495233,9.546621,22.55209
1100,0.05,1,2500,150,0.3,1,59,150.1557,3.105677,5.305523,8.790145,18.80914
1500,0.1,0.5,2500,200,0.4,1,60,84.80905,4.868373,11.82422, ,30.11154
1500,0.05,1,2150,200,0.5,1,61,95.84176,7.325216,15.04037, ,31.71618
1100,0.15,1,2500,200,0.5,0,62,65.73813,5.390594,17.32673, ,34.95222
1900,0.1,1,2500,150,0.3,1,63,87.4287,6.135184,12.45861, ,30.73131
1900,0.1,1,2500,200,0.3,2,64,87.4287,6.093462,12.45779, ,30.73334
1900,0.1,0.5,2500,100,0.4,0,65,69.05531,6.475771,19.38358, ,35.65612
1900,0.15,0,2500,100,0.5,1,66,38.74347,10.06915, , ,52.93174
1900,0.1,0.5,3000,200,0.4,0,67,81.36795,5.614796,13.38296, ,31.55912
1500,0.1,0.5,3000,100,0.5,1,68,82.86178,5.071434,12.50828, ,30.74798
1900,0.1,1,2150,100,0.5,1,69,49.15907,11.02285, , ,47.54632
1100,0.15,1,3000,200,0.4,0,70,95.2109,4.526429,8.428738, ,26.81832
1100,0.1,0.5,3000,200,0.4,1,71,127.0093,2.994855,5.978806,12.3784,21.71872
1100,0.1,1,2500,200,0.5,2,72,92.00758,5.273129,11.10935, ,29.14872
1500,0.15,0,2150,100,0.5,2,73,41.9791,8.488676, , ,49.27103
1100,0.05,0.5,2500,150,0.5,2,74,131.5342,3.911866,7.931931,15.04786,23.33585
1500,0.15,1,3000,100,0.5,0,75,58.34494,7.059823, , ,39.30746
1900,0.15,0,3000,150,0.5,0,76,46.35393,6.993371, , ,45.24168
1100,0.05,1,3000,150,0.5,1,77,148.7639,4.551598,7.755061,13.00992,22.2582
1500,0.1,0,2150,150,0.3,0,78,93.13356,3.496028,8.932226, ,27.03987
1500,0.1,0.5,2150,150,0.5,0,79,61.23164,7.241323,32.63747, ,39.00397
1900,0.1,0.5,3000,100,0.5,2,80,67.25475,6.632096,21.11455, ,36.37135
1500,0.15,0.5,2150,150,0.5,1,81,41.97888,9.254283, , ,49.98449
1100,0.15,0,2150,200,0.4,2,82,69.49263,3.787629,13.02327, ,32.11563
1900,0.1,0.5,2150,200,0.4,1,83,60.05452,7.706791,39.41489, ,39.81507
1100,0.05,0.5,3000,100,0.3,0,84,100.283,2.248221,4.011773,6.748727,21.23605
1500,0.15,0,3000,100,0.4,0,85,71.68828,3.614651,11.83891, ,31.32656
1100,0.15,0.5,3000,100,0.4,0,86,95.21239,3.219056,7.153588, ,25.50916
1100,0.05,0,2150,150,0.3,1,87,150.1091,2.523616,5.059852,9.375777,19.10004
1100,0.15,0.5,2150,100,0.4,1,88,69.49284,4.357169,13.57871, ,32.68492
1100,0.15,0.5,3000,150,0.3,0,89,120.1753,2.463862,4.881231,10.98427,21.03795
1500,0.05,0.5,3000,150,0.3,2,90,150.1237,2.980061,5.511092,9.547384,19.2513
1900,0.15,1,2500,200,0.3,0,91,62.33261,7.423076,23.8805, ,37.91791
1900,0.05,0,2150,200,0.4,2,92,94.3197,5.619243,13.52325, ,30.24292
1100,0.1,0,3000,200,0.3,2,93,152.8239,2.444318,5.079279,9.63132,19.38419
1900,0.15,0.5,3000,200,0.3,0,94,74.33775,4.506065,11.68929, ,31.26322
1100,0.1,0,3000,200,0.4,0,95,127.1237,2.54106,5.508202,11.79989,21.20681
1100,0.05,0,3000,100,0.4,0,96,100.1932,2.20401,4.670503,8.570772,21.79425
1100,0.15,0.5,2150,200,0.4,0,97,69.49112,4.341841,13.58173, ,32.67062
1500,0.05,0.5,2150,100,0.5,1,98,95.83968,6.202048,13.93775, ,30.61022
1100,0.15,0,3000,150,0.3,2,99,109.7167,2.590536,5.926398,15.3309,22.88239
1900,0.15,0,2500,100,0.4,0,100,47.84882,6.584128, , ,43.93612
1900,0.05,0.5,2150,150,0.3,1,101,113.4938,4.803431,10.04012,20.7064,26.35827
1900,0.1,1,2150,200,0.3,1,102,76.45269,6.613849,15.63851, ,33.74606
1500,0.1,0,2150,100,0.3,2,103,93.1458,3.497831,8.950139, ,27.05737
1900,0.05,1,3000,100,0.3,0,104,100.1227,5.874845,9.224283,14.87907,26.07927
1500,0.15,1,2150,100,0.4,0,105,51.7984,8.61924, , ,43.83458
1500,0.05,0.5,2150,150,0.5,2,106,95.81239,6.253263,13.92107, ,30.58061
1500,0.05,1,2500,200,0.3,0,107,146.5728,4.223167,7.391076,12.71457,21.97935
1100,0.15,1,2500,100,0.5,1,108,65.73677,5.390196,17.34006, ,34.94756
1900,0.15,0,2150,150,0.5,1,109,33.24788,15.63634, , ,60.45469
1500,0.1,1,3000,200,0.4,0,110,99.29806,7.207319,12.09455, ,29.6984
1100,0.1,0.5,3000,200,0.3,0,111,154.7417,2.35403,4.421468,8.120693,18.36118
1500,0.05,1,2500,200,0.5,2,112,106.8992,6.651554,12.75852,25.81092,29.24195
1900,0.1,0,2500,200,0.4,1,113,69.06959,5.456038,18.34376, ,34.6995
1900,0.05,0.5,2500,100,0.5,0,114,90.49304,6.890708,15.62599, ,32.20127
1100,0.15,1,2500,100,0.3,2,115,100.0156,3.733685,7.033091,21.44304,24.87506
1500,0.15,0,2150,200,0.5,1,116,41.97919,8.501663, , ,49.3003
1500,0.05,0,3000,100,0.3,0,117,100.1816,2.505998,5.206069,9.09376,22.16104
1100,0.05,1,2500,100,0.3,0,118,100.2163,3.135794,5.335457,8.803229,22.49102
1100,0.1,0.5,2500,200,0.3,2,119,134.1971,2.645351,5.296912,10.63438,20.54857
1500,0.1,0.5,2500,200,0.5,2,120,70.37019,6.183472,18.33979, ,35.04414
1500,0.05,1,2500,150,0.3,2,121,146.6493,4.239366,7.386862,12.73146,21.99548
1100,0.15,1,3000,100,0.4,1,122,95.2109,4.527941,8.444251, ,26.81896
1500,0.05,0.5,2150,150,0.3,0,123,132.2797,3.756633,7.591862,14.45989,22.96397
1100,0.1,1,2150,200,0.3,2,124,118.7593,3.853343,7.152706,14.88907,23.47666
1100,0.15,0,3000,100,0.3,1,125,100.0416,2.58473,5.90092,15.32695,23.27755
1500,0.1,0,2150,200,0.4,2,126,74.14451,4.921032,14.99273, ,32.73228
1500,0.05,0,2150,150,0.5,1,127,95.87856,5.569397,13.26964, ,29.97693
1500,0.05,0,3000,150,0.5,0,128,121.5522,3.864936,8.568997,17.35275,24.45796
1500,0.1,0.5,2500,150,0.4,0,129,84.80905,4.889232,11.80898, ,30.11735
1100,0.15,0,3000,150,0.4,0,130,95.2666,2.726655,6.728269, ,24.96782
1500,0.05,1,3000,200,0.3,1,131,165.5927,3.887017,6.408937,10.45447,20.07898
1100,0.15,0,3000,100,0.4,2,132,95.27361,2.742801,6.758215, ,25.00229
1900,0.1,0,3000,150,0.4,1,133,81.4241,4.343544,12.07483, ,30.39917
1100,0.15,0.5,3000,150,0.4,1,134,95.21239,3.219379,7.119832, ,25.51179
1500,0.15,0,2500,150,0.3,2,135,77.54942,3.170412,9.474316, ,29.24624
1500,0.15,1,2150,200,0.4,2,136,51.7984,8.616513, , ,43.82735
1500,0.15,0.5,3000,100,0.3,0,137,92.04858,3.461735,7.596116, ,26.2205
1100,0.15,0.5,2150,200,0.5,1,138,56.74441,5.65788, , ,38.66986
1900,0.15,0,2500,200,0.4,2,139,47.84921,6.586461, , ,43.9603
1100,0.15,0,2500,200,0.5,1,140,65.73881,4.148059,16.13623, ,33.74485
1900,0.15,0,3000,200,0.3,2,141,74.35215,3.373909,10.54166, ,30.26479
1900,0.05,1,2150,200,0.4,1,142,94.31894,8.415952,16.31197, ,32.99947
1100,0.15,1,3000,150,0.5,0,143,78.32026,4.667926,11.01937, ,30.59562
1100,0.1,1,2500,100,0.5,0,144,92.00758,5.287581,11.10297, ,29.16302
1100,0.1,0.5,2500,200,0.5,1,145,92.00089,4.267595,10.08764, ,28.12719
1900,0.1,1,3000,200,0.3,0,146,102.3208,5.45084,9.971525,25.04377,27.41127
1500,0.1,0,2150,150,0.5,2,147,61.23719,6.618384,31.96165, ,38.38132
1500,0.1,0.5,2500,100,0.5,0,148,70.36537,6.205968,18.32665, ,35.0336
1100,0.1,0,2500,200,0.5,0,149,92.02692,3.713943,9.550712, ,27.62219
1100,0.05,0.5,2500,200,0.3,1,150,176.8313,2.488149,4.701746,8.185043,17.8063
1500,0.1,1,3000,100,0.5,2,151,82.86311,6.371171,13.8389, ,32.07779
1900,0.15,0.5,3000,100,0.3,1,152,74.33775,4.526404,11.66782, ,31.27215
1900,0.05,0.5,2500,200,0.5,2,153,90.49304,6.916923,15.63732, ,32.2311
1100,0.15,0,2150,100,0.5,1,154,56.74527,5.10701, , ,38.13786
1500,0.15,1,2500,150,0.5,0,155,48.7541,8.489585, , ,45.25059
1900,0.05,0.5,2150,100,0.4,1,156,94.31276,6.386621,14.27645, ,30.98037
1500,0.1,0,2150,100,0.4,0,157,74.15019,4.956173,15.01099, ,32.76775
1900,0.05,1,2500,200,0.5,0,158,90.46463,7.895082,16.62721, ,33.17643
1900,0.05,1,3000,100,0.4,1,159,100.0701,7.06987,11.86459,20.98521,28.5543
1900,0.05,0,3000,200,0.4,1,160,119.8186,3.871511,8.664002,17.81805,24.67082
1500,0.05,1,3000,200,0.4,2,161,139.7749,5.515221,9.052185,15.12717,23.98753
1100,0.1,1,2150,100,0.4,1,162,96.33478,4.703965,9.891768, ,27.76323
1100,0.05,0,2500,100,0.5,0,163,100.0969,3.406621,7.406058,14.52617,24.23022
1500,0.05,0.5,2150,200,0.4,2,164,111.0537,4.947806,10.51554,22.00779,26.9082
1500,0.15,1,3000,200,0.5,2,165,58.34423,7.051843, , ,39.28417
1100,0.05,1,2500,150,0.5,0,166,131.5735,4.993266,9.029115,16.12906,24.43219
1500,0.05,0,3000,150,0.3,1,167,150.1237,2.524088,5.226698,9.112133,18.89599
1100,0.05,0,2150,200,0.5,1,168,118.5537,3.974338,8.909518,18.33023,24.94952
1100,0.1,0,2150,200,0.5,2,169,80.62475,4.442056,12.46191, ,30.68575
1500,0.15,1,2150,150,0.3,0,170,67.08542,5.670946,16.12362, ,34.648
1100,0.1,1,3000,150,0.4,1,171,127.0417,3.88791,6.888702,13.272,22.65902
1100,0.15,1,2500,200,0.3,1,172,101.9833,3.755064,7.055098,21.44711,24.8334
1100,0.1,1,2500,200,0.3,0,173,134.1749,3.546434,6.190032,11.51352,21.4309
1900,0.1,0,2150,100,0.3,0,174,76.47891,4.660019,13.65692, ,31.816
1100,0.1,0,2150,150,0.4,0,175,96.33422,3.398649,8.599321, ,26.47452
1500,0.05,0.5,2500,200,0.4,0,176,123.4165,4.483227,8.987648,17.39262,24.79536
1500,0.05,0.5,2500,150,0.4,2,177,123.4165,4.497347,9.001313,17.39146,24.80549
1100,0.1,0,2150,100,0.5,0,178,80.62475,4.473793,12.49332, ,30.7013
1500,0.15,0.5,2150,100,0.5,0,179,41.97879,9.255078, , ,49.93647
1900,0.1,0.5,2150,100,0.5,0,180,49.15906,10.07324, , ,46.58511
1500,0.1,0,3000,100,0.3,1,181,100.0813,2.686568,6.118455,12.77075,23.12586
1100,0.1,0,2150,100,0.3,1,182,100.0692,2.673064,5.857378,13.57762,23.16451
1500,0.05,0,2500,150,0.3,0,183,146.7431,2.720024,5.888364,11.19372,20.5121
1500,0.05,1,2150,100,0.4,1,184,100.0523,6.410494,11.9638,23.46676,28.63573
1100,0.1,0.5,3000,150,0.4,0,185,126.9748,2.990978,5.994386,12.35049,21.6982
1900,0.1,1,2500,200,0.5,1,186,56.7527,9.300497, , ,42.6593
1900,0.05,0.5,2150,150,0.4,2,187,94.31276,6.372597,14.27631, ,30.95796
1500,0.05,1,2500,200,0.4,1,188,123.4437,5.903293,10.38655,18.75875,26.21223
1500,0.05,1,2500,100,0.3,1,189,100.1325,4.235845,7.373795,12.73157,24.36032
1500,0.15,0,3000,200,0.3,1,190,92.06006,2.867354,7.567538, ,25.94356
1500,0.1,0.5,3000,100,0.3,2,191,100.0813,3.153991,6.273649,13.16194,23.46242
1900,0.15,0,3000,100,0.5,2,192,46.35393,7.126614, , ,45.22145
1500,0.1,0.5,2150,200,0.4,0,193,74.14282,5.535738,15.60873, ,33.34667
1500,0.15,1,2150,100,0.3,2,194,67.08542,5.642098,16.11558, ,34.63969
1900,0.15,0,3000,150,0.4,2,195,57.27137,4.987571, , ,37.75124
1100,0.1,0.5,3000,100,0.5,0,196,100.0372,3.635988,7.837152,19.6079,25.14326
1500,0.1,0.5,2150,200,0.3,2,197,93.11831,4.026249,9.46219, ,27.53427
1100,0.05,0.5,2150,100,0.4,2,198,100.1074,3.664688,7.398789,13.85194,24.25503
1500,0.15,1,2500,100,0.3,0,199,77.54256,5.071626,11.39132, ,31.08276
1500,0.15,0.5,2500,200,0.4,2,200,60.06632,5.355546,35.46572, ,36.93588
1900,0.1,0,2150,200,0.4,0,201,60.06347,6.712686,38.4021, ,38.88327
1900,0.05,1,2150,150,0.3,2,202,113.4425,6.765841,12.03352,22.65361,28.28978
1500,0.15,0,3000,100,0.5,1,203,58.34764,4.865479, , ,37.22496
1900,0.1,0.5,2500,150,0.3,0,204,87.43449,4.784042,11.1192, ,29.40241
1500,0.15,0.5,3000,200,0.4,0,205,71.67963,4.514291,12.78619, ,32.14227
1900,0.15,1,2500,100,0.4,2,206,47.84673,11.51561, , ,48.59575
1900,0.1,1,3000,150,0.5,1,207,67.24625,7.979031,22.48217, ,37.69127
1900,0.05,0.5,2500,100,0.3,1,208,100.0838,4.340734,8.575164,16.41236,25.34808
1100,0.1,1,2500,150,0.3,2,209,134.2136,3.541717,6.19364,11.51844,21.4498
1900,0.05,1,2500,200,0.4,2,210,105.2243,7.790916,14.00706,27.76326,30.54768
1900,0.1,1,3000,200,0.5,2,211,67.24625,7.98372,22.46421, ,37.66749
1900,0.05,1,2150,100,0.4,2,212,94.31894,8.384242,16.30865, ,33.02408
1900,0.05,1,3000,100,0.5,2,213,100.0376,7.024549,13.50744,28.14664,30.11116
1900,0.1,0,3000,200,0.5,0,214,67.2674,5.795906,20.23567, ,35.54418
1900,0.05,1,2150,200,0.5,2,215,80.78554,8.796642,20.40723, ,36.14743
1900,0.1,1,3000,100,0.4,2,216,81.37694,8.26323,15.9711, ,34.20266
1100,0.15,1,2150,150,0.5,1,217,56.74425,6.222211, , ,39.23248
1500,0.15,1,2500,200,0.3,2,218,77.54256,5.076467,11.37929, ,31.1019
1900,0.1,0,2150,200,0.3,2,219,76.47891,4.621859,13.64176, ,31.81342
1900,0.05,1,2150,200,0.3,0,220,113.4018,6.778324,12.01427,22.66177,28.26225
1500,0.05,1,3000,200,0.5,0,221,121.4565,6.025258,10.72475,19.51247,26.58147
1100,0.1,0.5,2500,100,0.4,1,222,100.0425,3.505563,7.505199,18.27742,24.78121
1100,0.05,0,2150,150,0.4,2,223,136.0517,3.171762,6.872055,13.34301,22.04753
1500,0.1,0,2500,150,0.5,0,224,70.37486,5.403599,17.5231, ,34.26307
1500,0.1,1,2150,150,0.5,1,225,61.23259,8.324914,33.69875, ,40.06681
1900,0.05,0,3000,100,0.3,1,226,100.1227,2.862936,6.223153,11.90682,23.17826
1100,0.1,1,2150,200,0.5,1,227,80.62791,5.945804,13.96592, ,32.15904
1900,0.05,0,3000,200,0.5,2,228,103.4376,4.925489,11.49296,26.13306,28.1004
1900,0.05,0.5,2500,200,0.4,1,229,105.2788,5.53008,11.75434,25.46177,28.3142
1100,0.05,1,3000,100,0.5,0,230,100.1374,4.537786,7.742609,12.99393,24.67694
1500,0.05,0,2150,100,0.3,1,231,100.0981,3.174569,7.029862,13.92416,23.90734
1500,0.1,1,2150,100,0.5,0,232,61.22792,9.326695,34.68964, ,41.02304
1100,0.15,0.5,3000,200,0.5,0,233,78.31575,3.91206,10.24819, ,29.80434
1500,0.05,0,2150,150,0.4,0,234,111.0399,4.319658,9.919275,21.41137,26.31157
1500,0.05,1,2500,150,0.5,1,235,106.8927,6.9365,13.03561,26.07649,29.52794
1100,0.05,0.5,3000,200,0.3,2,236,198.7532,2.257497,4.05219,6.756851,16.17709
1100,0.05,0,2500,150,0.3,2,237,150.1557,2.312104,4.780381,8.095835,18.11708
1900,0.1,0.5,2500,100,0.3,2,238,87.44205,4.619479,10.93901, ,29.25826
1900,0.1,1,2150,200,0.4,2,239,60.05173,10.58127,42.29287, ,42.69324
1100,0.1,0,2150,100,0.4,2,240,96.34855,3.418526,8.590859, ,26.49469
1500,0.1,0,2500,100,0.3,0,241,100.0322,2.931269,7.097892,19.5022,24.52172
1100,0.1,0.5,2500,100,0.3,0,242,100.1159,2.642903,5.27421,10.62588,22.51382
1500,0.15,0.5,2500,100,0.3,2,243,77.54312,3.837257,10.1562, ,29.86351
1900,0.15,1,2500,200,0.5,2,244,38.7432,12.22169, , ,54.98567
1100,0.15,1,2150,200,0.5,2,245,56.74425,6.249543, , ,39.24567
1100,0.05,0.5,3000,100,0.4,1,246,100.1932,2.849159,5.302299,9.185469,22.37278
1100,0.05,1,2150,150,0.5,2,247,118.5658,5.054598,10.00267,19.4372,26.06108
1100,0.15,0.5,2500,100,0.5,0,248,65.73701,4.737113,16.7089, ,34.30103
1500,0.05,0,3000,150,0.4,2,249,139.9699,3.036924,6.577921,12.64636,21.58054
1900,0.15,0.5,2500,200,0.5,1,250,38.74321,11.00134, , ,53.81711
1900,0.15,0,3000,200,0.5,1,251,46.35376,6.968584, , ,45.19984
1100,0.1,0.5,2150,200,0.4,2,252,96.33304,4.039415,9.174961, ,27.06588
1900,0.1,0.5,2500,200,0.3,1,253,87.44205,4.615527,10.95061, ,29.25792
1900,0.15,0,2150,150,0.4,0,254,41.19794,8.754026, , ,50.03859
1500,0.1,0.5,2500,200,0.3,0,255,105.9131,3.616724,7.783566,20.1939,24.99225
1900,0.15,0.5,3000,150,0.3,2,256,74.33775,4.516881,11.68918, ,31.27665
1900,0.05,1,2500,150,0.5,2,257,90.44641,8.096592,16.86312, ,33.38755
1900,0.1,0.5,3000,200,0.3,2,258,102.231,4.425187,8.914149,23.98104,26.26522
1500,0.1,0,2500,100,0.4,1,259,84.82987,4.065534,11.01662, ,29.35734
1900,0.1,1,3000,150,0.4,0,260,81.38688,8.650199,16.38593, ,34.60952
1500,0.15,1,2150,100,0.5,1,261,41.97884,10.26096, , ,50.97624
1100,0.15,0.5,2500,200,0.4,1,262,80.27135,3.721267,9.542606, ,29.11298
1100,0.05,0,2150,150,0.5,0,263,118.6011,3.983301,8.919439,18.35512,24.99171
1500,0.05,0.5,3000,100,0.5,0,264,100.0742,4.612573,9.297332,18.06724,26.00397
1100,0.05,1,2150,200,0.5,0,265,118.5188,5.082911,10.01764,19.45347,26.05914
1100,0.05,0.5,2150,150,0.4,0,266,135.9565,3.627433,7.326824,13.83151,22.50357
1100,0.05,1,3000,100,0.4,2,267,100.1932,3.825644,6.304419,10.1741,23.3759
1500,0.15,0,3000,150,0.5,2,268,58.34764,4.869542, , ,37.22871
1500,0.15,1,3000,150,0.3,2,269,92.057,4.602629,8.722851, ,27.41542
1100,0.1,1,2500,100,0.3,1,270,100.116,3.619223,6.256074,11.60692,23.48082
1100,0.15,0.5,2500,200,0.5,2,271,65.73564,4.781367,16.72201, ,34.3094
1100,0.1,1,2500,200,0.4,1,272,109.4159,4.321615,8.321402,19.10949,25.28158
1100,0.05,0.5,2150,200,0.5,2,273,118.5448,4.454838,9.405698,18.80949,25.42994
1900,0.1,1,2150,150,0.3,0,274,76.45432,6.422054,15.4106, ,33.51215
1100,0.05,0,2150,200,0.4,0,275,135.987,3.151064,6.885903,13.32254,22.02576
1500,0.15,1,3000,100,0.3,1,276,92.057,4.634666,8.765384, ,27.44245
1100,0.15,0,2150,100,0.4,0,277,69.49263,3.773474,12.99402, ,32.09715
1500,0.15,0,2150,150,0.5,0,278,41.97919,8.504537, , ,49.33951
1100,0.05,0.5,2150,150,0.3,2,279,150.1091,2.733882,5.370793,9.701593,19.39001
1500,0.15,0.5,2500,150,0.4,1,280,60.06712,5.359196,35.47001, ,36.97057
1900,0.05,0,2500,200,0.5,1,281,90.52537,6.102456,14.87645, ,31.47924
1900,0.05,1,3000,200,0.5,1,282,103.3057,7.201033,13.77548,28.42552,30.31039
1500,0.05,1,2500,100,0.5,0,283,100.0445,6.939087,13.01016,26.07747,29.63039
1500,0.1,0.5,3000,100,0.4,0,284,99.29929,4.154096,9.007092, ,26.62915
1500,0.1,0.5,2150,100,0.4,1,285,74.14275,5.543414,15.62685, ,33.38198
1900,0.1,0,2150,200,0.5,1,286,49.16245,9.335349, , ,45.90032
1500,0.05,0.5,3000,200,0.4,1,287,139.7833,3.975722,7.520406,13.59329,22.44512
1500,0.15,0.5,3000,200,0.5,1,288,58.34586,5.602632, , ,37.9152
1100,0.05,1,2500,200,0.3,2,289,176.7998,3.520728,5.736707,9.188579,18.82384
1100,0.05,1,2150,150,0.4,1,290,136.0382,4.490027,8.221207,14.69347,23.39962
1100,0.15,0,3000,100,0.5,0,291,78.32454,3.264918,9.600673, ,29.19304
1500,0.15,1,3000,150,0.5,1,292,58.34494,7.033182, , ,39.29621
1500,0.1,0,3000,200,0.3,0,293,123.2174,2.672644,6.072183,12.76128,21.88072
1100,0.05,1,3000,100,0.3,1,294,100.283,3.363898,5.132022,7.868786,22.37384
1900,0.1,0,2500,200,0.3,0,295,87.46369,3.881329,10.17026, ,28.54223
1500,0.15,0.5,2500,100,0.5,1,296,48.75482,7.257235, , ,44.05736
1500,0.15,0,2500,200,0.4,1,297,60.06784,4.620593,34.74821, ,36.24741
1900,0.1,1,2500,150,0.4,2,298,69.04793,9.665076,22.51674, ,38.79266
1100,0.15,0.5,2500,150,0.5,1,299,65.73564,4.75418,16.70648, ,34.29841
1100,0.1,1,3000,100,0.5,1,300,100.0372,4.642452,8.857729,20.61391,26.16582
1500,0.05,0,2500,200,0.4,2,301,123.4471,3.706731,8.206642,16.57906,24.01467
1900,0.15,0,2500,150,0.4,1,302,47.84921,6.672444, , ,43.9679
1500,0.1,1,2150,150,0.4,0,303,74.13377,7.127194,17.21635, ,34.91887
1100,0.1,1,2500,150,0.4,0,304,109.3724,4.329292,8.317739,19.1378,25.2728
1900,0.05,0.5,2500,150,0.3,2,305,126.1316,4.265918,8.485666,16.32185,24.15734
1500,0.05,1,2150,200,0.3,2,306,132.2705,4.485586,8.285253,15.17382,23.67725
1100,0.15,0.5,2150,100,0.3,0,307,88.70034,3.090525,7.558082, ,26.54409
1100,0.15,1,2150,150,0.3,2,308,88.70321,4.098214,8.528879, ,27.56871
1900,0.15,1,3000,100,0.4,0,309,57.26546,9.968087, , ,42.51555
1500,0.1,0,3000,200,0.4,1,310,99.35471,3.312807,8.148125, ,25.85073
1900,0.05,0,2500,150,0.3,1,311,126.3206,3.523921,7.744328,15.58004,23.46788
1500,0.15,0.5,3000,150,0.5,0,312,58.34586,5.628514, , ,37.90882
1100,0.05,1,2150,150,0.3,0,313,150.1091,3.73064,6.398889,10.71411,20.36545
1500,0.1,1,2500,200,0.5,0,314,70.36138,8.315563,20.43876, ,37.11048
1900,0.05,0,3000,100,0.5,0,315,100.0376,5.013685,11.52791,26.16771,28.14047
1900,0.15,0.5,2500,100,0.3,0,316,62.33953,5.251749,21.67495, ,35.87954
1900,0.05,0,3000,100,0.4,2,317,100.0701,3.920459,8.704091,17.82465,25.41275
1100,0.1,0,2500,100,0.3,2,318,100.116,2.452859,5.453623,10.58899,22.50917
1900,0.1,0.5,2500,150,0.5,2,319,56.75304,8.32333, , ,41.6504
1500,0.15,0,2500,150,0.4,0,320,60.06863,4.655504,34.7874, ,36.28676
1900,0.05,1,2500,200,0.3,1,321,126.1986,6.045254,10.27964,18.08348,25.93629
1900,0.15,0.5,3000,150,0.5,1,322,46.35302,7.986052, , ,46.05068
1100,0.1,0,2150,150,0.5,1,323,80.63278,4.443961,12.46691, ,30.72096
1100,0.15,1,2500,100,0.4,0,324,80.27145,4.972317,10.82272, ,30.37833
1900,0.05,0.5,2500,200,0.3,0,325,126.1316,4.31854,8.505999,16.30803,24.14414
1100,0.1,0,2500,100,0.4,0,326,100.0425,2.884678,6.888435,17.69265,24.20775
1100,0.1,0,2500,200,0.4,2,327,109.4416,2.88647,6.886052,17.69199,23.89364
1100,0.15,0.5,3000,200,0.4,2,328,95.21239,3.238173,7.158244, ,25.51346
1100,0.15,0.5,2150,200,0.3,2,329,88.70528,3.066183,7.534192, ,26.578
1900,0.05,0.5,2150,100,0.5,2,330,80.75558,8.203903,19.72213, ,35.44677
1900,0.1,0.5,2150,100,0.3,1,331,76.46395,5.416976,14.42021, ,32.54507
1900,0.1,0,3000,200,0.4,2,332,81.416,4.343025,12.0468, ,30.35591
1900,0.05,0,3000,200,0.3,0,333,143.1464,2.859936,6.211465,11.87907,21.0319
1900,0.15,0.5,3000,100,0.5,0,334,46.35285,8.00193, , ,46.03315
1900,0.05,1,3000,150,0.4,2,335,119.7811,6.661152,11.44414,20.56441,27.42043
1900,0.15,0,3000,150,0.3,1,336,74.35215,3.394215,10.5295, ,30.25423
1500,0.1,0,2500,100,0.5,2,337,70.37968,5.389952,17.52419, ,34.28435
1500,0.05,0,2150,150,0.3,2,338,132.3566,3.203779,7.055514,13.93971,22.44504
1100,0.05,0,3000,200,0.4,2,339,170.0268,2.40374,4.767015,8.623361,18.25887
1500,0.05,1,2150,100,0.3,0,340,100.0981,4.4741,8.273693,15.17802,25.13074
1100,0.1,1,2500,100,0.4,2,341,100.0425,4.347231,8.336517,19.11802,25.62229
1500,0.05,1,3000,150,0.3,0,342,150.1237,3.819387,6.35187,10.38868,20.15973
1500,0.1,0.5,2150,200,0.5,1,343,61.23195,7.364138,32.72359, ,39.10688
1100,0.15,0,3000,150,0.5,1,344,78.32454,3.265106,9.621716, ,29.20862
1500,0.1,1,2150,100,0.4,2,345,74.13948,7.140713,17.21263, ,34.953
1500,0.1,0.5,2500,150,0.3,2,346,105.932,3.5996,7.782464,20.20259,25.00701
1900,0.15,0.5,2150,100,0.3,2,347,53.78247,6.127205, , ,40.39006
1500,0.05,0,2150,200,0.4,1,348,111.0791,4.372032,9.909077,21.3823,26.33262
1900,0.1,0,2150,100,0.4,1,349,60.06103,6.691751,38.38585, ,38.86913
1900,0.1,1,2150,100,0.3,2,350,76.46047,6.417827,15.42247, ,33.53025
1500,0.15,0.5,3000,200,0.3,2,351,92.04858,3.463799,7.598662, ,26.21806
1100,0.1,0,2150,200,0.3,0,352,118.7896,2.69611,5.876453,13.61557,22.21609
1500,0.05,0,3000,200,0.3,2,353,165.7241,2.535407,5.235039,9.10857,18.74537
1500,0.15,0,2500,150,0.5,1,354,48.75527,6.454663, , ,43.3181
1100,0.15,0.5,2500,100,0.3,1,355,100.0156,2.773405,6.089075,20.48182,23.91264
1500,0.1,0,2500,200,0.5,1,356,70.37968,5.380311,17.51611, ,34.27637
1100,0.05,0,2500,150,0.5,1,357,131.5878,3.375585,7.389777,14.52496,22.81378
1500,0.15,0,2500,100,0.5,0,358,48.75504,6.483725, , ,43.31026
1900,0.05,0,3000,150,0.5,1,359,103.4377,4.949402,11.51873,26.1724,28.14126
1500,0.05,1,2150,150,0.5,0,360,95.84374,7.642021,15.34079, ,32.0012
1500,0.05,0,2500,100,0.4,0,361,100.0782,3.699221,8.250735,16.5711,24.95375
1500,0.15,0,2500,200,0.3,0,362,77.5467,3.234702,9.532666, ,29.25643
1900,0.05,1,3000,150,0.5,0,363,103.3391,7.252922,13.77436,28.44447,30.32783
1500,0.15,0.5,2150,100,0.4,2,364,51.79845,6.474586, , ,41.688
1900,0.1,0,2500,100,0.4,2,365,69.06525,5.450045,18.3704, ,34.69384
1100,0.15,0,3000,200,0.4,1,366,95.27361,2.734027,6.749087, ,24.98889
1500,0.05,0.5,3000,100,0.4,2,367,100.1153,3.996298,7.533397,13.58024,24.35354
1500,0.05,0.5,2500,200,0.3,2,368,146.634,3.38998,6.527519,11.87873,21.16205
1100,0.05,1,2150,100,0.3,2,369,100.1695,3.706818,6.376081,10.69518,23.45305
1900,0.1,0.5,2150,100,0.4,2,370,60.05745,7.58628,39.26707, ,39.70245
1100,0.05,0,2500,200,0.3,0,371,177.0819,2.314625,4.751933,8.088709,17.75514
1900,0.1,0.5,3000,150,0.4,2,372,81.38332,5.505239,13.20846, ,31.43238
1100,0.15,0,2150,200,0.5,0,373,56.74527,5.104926, , ,38.13628
1500,0.15,0,2150,100,0.3,0,374,67.08775,3.926737,14.37744, ,32.93718
1500,0.15,1,2500,200,0.4,0,375,60.06545,7.659156,37.7868, ,39.21812
1100,0.15,0.5,2500,100,0.4,2,376,80.27135,3.743427,9.579694, ,29.14136
1900,0.05,1,2150,150,0.5,1,377,80.76549,9.084581,20.60501, ,36.34453
1500,0.1,0,2500,150,0.4,2,378,84.82987,4.057738,11.03084, ,29.34919
1900,0.05,0,2150,200,0.5,0,379,80.80251,7.266863,18.85469, ,34.62632
1100,0.1,0,2500,100,0.5,1,380,92.02697,3.719097,9.517328, ,27.6092
1100,0.15,0,2150,150,0.5,2,381,56.74527,5.115502, , ,38.15926
1500,0.1,0,3000,100,0.4,2,382,99.35471,3.304027,8.156598, ,25.8428
1100,0.05,0,2150,200,0.3,2,383,160.154,2.51421,5.050559,9.402925,19.0068
1900,0.05,0.5,2500,100,0.4,2,384,100.0408,5.482452,11.75618,25.47408,28.37477
1900,0.15,0,2150,100,0.3,1,385,53.78362,5.382912, , ,39.67801
1900,0.1,0.5,2500,100,0.5,1,386,56.75104,8.308282, , ,41.6202
1100,0.05,0,3000,200,0.5,0,387,148.7726,2.806334,6.00596,11.24233,20.50945
1100,0.05,0,2500,200,0.4,1,388,150.6689,2.669742,5.769079,10.83743,20.18974
1100,0.1,0,2150,150,0.3,2,389,118.8162,2.681396,5.869844,13.58448,22.22713
1900,0.1,1,2150,200,0.5,0,390,49.1593,10.91248, , ,47.3586
1100,0.05,0,3000,150,0.5,2,391,148.7726,2.801257,6.004811,11.25308,20.5092
1100,0.1,0.5,3000,100,0.3,1,392,100.1826,2.338954,4.407822,8.121716,21.66165
1100,0.05,1,2500,100,0.4,1,393,100.1428,4.144954,7.214424,12.31232,24.20031
1500,0.1,1,3000,200,0.5,1,394,82.86567,7.365046,14.81715, ,33.04575
1500,0.1,0,3000,200,0.5,2,395,82.89412,4.274578,11.71021, ,30.01781
1900,0.05,0.5,3000,100,0.5,1,396,100.0376,5.867362,12.38658,27.02665,28.97484
1500,0.1,1,2500,150,0.5,2,397,70.36138,8.317618,20.42543, ,37.11416
1100,0.1,0.5,3000,150,0.3,2,398,150.0718,2.330342,4.3837,8.103257,18.37079
1500,0.15,1,3000,150,0.4,0,399,71.67824,6.797119,15.00142, ,34.39528
1100,0.15,1,3000,100,0.5,2,400,78.32026,4.667274,11.0044, ,30.59484
1100,0.1,1,3000,150,0.5,2,401,107.3921,4.646286,8.846558,20.63424,25.95519
1900,0.1,1,3000,200,0.4,1,402,81.37874,8.670673,16.37488, ,34.5926
1500,0.05,0.5,2500,200,0.5,1,403,106.8488,5.373075,11.45593,24.49608,27.94343
1100,0.1,1,2150,150,0.4,2,404,96.32535,4.74931,9.93317, ,27.79272
1500,0.05,0.5,3000,150,0.5,1,405,121.5225,4.601421,9.301063,18.0736,25.17705
1900,0.15,0.5,2500,200,0.4,0,406,47.84781,7.553467, , ,44.76702
1100,0.15,0,2500,100,0.4,1,407,80.27737,3.129547,8.983844, ,28.57559
1100,0.05,0.5,2500,100,0.5,1,408,100.0969,4.002823,8.002382,15.12239,24.79473
1900,0.15,1,3000,100,0.3,2,409,74.3409,6.461873,13.66146, ,33.25287
1100,0.1,0.5,2500,150,0.5,0,410,91.99158,4.218426,10.01912, ,28.04251
1900,0.15,0.5,2150,200,0.3,1,411,53.78286,6.120135, , ,40.39968
1500,0.1,1,3000,150,0.5,0,412,82.85681,7.376928,14.82915, ,33.03692
1500,0.15,1,2150,200,0.5,0,413,41.97884,10.29537, , ,50.99496
1900,0.15,0,2150,200,0.5,2,414,33.24789,15.68608, , ,60.48515
1900,0.05,0.5,2500,150,0.5,1,415,90.4766,7.048443,15.85339, ,32.40821
1500,0.15,1,2150,150,0.5,2,416,41.97892,10.24824, , ,50.99536
1900,0.15,0.5,2500,100,0.5,2,417,38.74321,11.00314, , ,53.81733
1500,0.15,0,2150,200,0.4,0,418,51.79927,5.784881, , ,41.0805
1900,0.1,1,2500,100,0.4,1,419,69.04793,9.681119,22.55529, ,38.8252
1900,0.1,0,3000,100,0.3,2,420,100.0225,3.073779,7.57275,22.67654,25.11405
1500,0.1,0,3000,150,0.3,2,421,123.2174,2.686235,6.105941,12.77835,21.90984
1500,0.05,1,2500,100,0.4,2,422,100.0782,6.022322,10.52123,18.87297,27.24444
1900,0.05,1,2150,100,0.3,1,423,100.0566,6.585246,11.77102,22.40574,28.46084
1500,0.1,0,3000,150,0.4,0,424,99.35471,3.274,8.137578, ,25.84627
1100,0.15,0.5,2500,200,0.3,0,425,101.979,2.784913,6.085343,20.50988,23.87707
1100,0.15,0,2500,100,0.3,0,426,100.0156,2.650132,6.55082,20.75871,24.07372
1900,0.1,0.5,3000,200,0.5,1,427,67.25506,6.701778,21.15202, ,36.39208
1100,0.05,0.5,3000,200,0.5,1,428,148.7147,3.434845,6.633048,11.88978,21.14137
1900,0.15,1,2150,100,0.4,1,429,41.19711,13.18734, , ,54.30156
1100,0.05,1,3000,200,0.3,0,430,198.8966,3.363195,5.129907,7.861198,17.28659
1900,0.1,1,3000,100,0.3,1,431,100.0225,5.549009,10.03906,25.12487,27.52456
1500,0.15,0.5,2500,200,0.5,0,432,48.75459,7.237175, , ,44.01679
1100,0.05,0.5,3000,150,0.4,2,433,150.1376,2.858553,5.326802,9.195437,18.99908
1500,0.1,0.5,2500,100,0.4,2,434,84.8132,4.750299,11.70321, ,30.01026
1900,0.05,0.5,2150,100,0.3,0,435,100.0566,4.890965,10.10947,20.762,26.79689
1500,0.15,0.5,2150,150,0.4,0,436,51.79845,6.463541, , ,41.67503
1100,0.15,1,2150,100,0.4,2,437,69.49269,5.518465,14.75437, ,33.84695
1900,0.15,0,2500,200,0.5,0,438,38.74338,10.07291, , ,52.92042
1900,0.05,1,3000,200,0.3,2,439,143.0535,5.542561,8.862504,14.54733,23.66747
1100,0.05,0.5,2500,150,0.3,0,440,150.1557,2.519468,4.718535,8.186448,18.21815
1500,0.05,0.5,3000,200,0.5,2,441,121.5225,4.587089,9.286324,18.09061,25.1745
1900,0.05,1,2150,150,0.4,0,442,94.30388,7.976723,15.84758, ,32.53687
1900,0.05,1,2500,100,0.3,2,443,100.0838,6.04277,10.24179,18.0621,27.03499
1900,0.15,0,3000,100,0.4,1,444,57.27137,5.017801, , ,37.76041
1100,0.1,0,3000,150,0.4,2,445,127.1546,2.525958,5.509226,11.74577,21.213
1500,0.15,1,3000,200,0.3,0,446,92.06291,4.624889,8.756345, ,27.42854
1900,0.05,0.5,3000,100,0.4,0,447,100.0701,5.102176,9.869824,18.9776,26.50924
1500,0.15,1,2500,200,0.5,1,448,48.7541,8.488821, , ,45.25116
1100,0.1,0.5,3000,100,0.4,2,449,100.0929,3.03259,6.017957,12.40004,23.22062
1500,0.05,0,2500,200,0.5,0,450,106.8932,4.693072,10.80224,23.84191,27.29289
1500,0.1,1,3000,150,0.3,1,451,123.1941,4.419937,7.535857,14.436,23.53899
1100,0.15,1,2150,200,0.4,1,452,69.49269,5.498242,14.73851, ,33.84253
1900,0.1,0,3000,200,0.3,1,453,102.3799,3.09135,7.59291,22.66278,25.10931
1500,0.1,1,2500,200,0.3,1,454,105.9326,4.752977,8.920833,21.32487,26.14429
1900,0.15,0.5,2500,100,0.4,1,455,47.84801,7.558473, , ,44.78847
1500,0.15,0.5,2500,150,0.3,0,456,77.54037,3.851376,10.15063, ,29.86251
1100,0.1,0,2500,150,0.5,2,457,92.02697,3.720931,9.557534, ,27.61314
1500,0.1,1,2500,150,0.3,0,458,105.9137,4.745915,8.913454,21.33397,26.13759
1500,0.1,1,2500,100,0.3,2,459,100.0322,4.785813,8.932405,21.373,26.32524
1900,0.15,0,2500,150,0.5,2,460,38.74347,10.06299, , ,52.89781
1100,0.05,1,2500,150,0.4,2,461,150.087,4.116721,7.203751,12.28886,21.62314
1900,0.1,0,3000,100,0.4,0,462,81.42406,4.350556,12.08638, ,30.39524
1500,0.15,0,2500,100,0.4,2,463,60.06863,4.635921,34.77976, ,36.28405
1100,0.1,0.5,2150,150,0.3,0,464,118.7602,2.866895,6.166206,13.95455,22.52178
1500,0.05,1,3000,100,0.5,1,465,100.0742,6.269075,10.98995,19.76094,27.67717
1100,0.1,1,2150,100,0.5,2,466,80.62471,5.832392,13.83551, ,32.06627
1900,0.1,0,2150,100,0.5,2,467,49.16245,9.369411, , ,45.91639
1500,0.15,1,3000,200,0.4,1,468,71.67824,6.741332,14.9772, ,34.36562
1500,0.1,0,2500,200,0.4,0,469,84.82055,4.09918,11.04967, ,29.35755
1900,0.05,0,3000,150,0.3,2,470,143.1464,2.857222,6.228104,11.92433,21.04422
1100,0.05,1,2150,200,0.3,1,471,160.0738,3.743175,6.411207,10.73094,20.315
1100,0.1,0.5,2150,150,0.5,2,472,80.62659,4.980483,13.00169, ,31.22572
1500,0.15,0.5,2150,200,0.5,2,473,41.97888,9.257193, , ,49.97296
1100,0.05,0.5,2150,150,0.5,1,474,118.4978,4.473328,9.413178,18.82889,25.43316
1100,0.1,0.5,2500,100,0.5,2,475,91.99158,4.206096,10.02584, ,28.04962
1500,0.15,1,2500,100,0.5,2,476,48.75386,8.471683, , ,45.21913
1900,0.15,1,2150,200,0.3,2,477,53.78045,8.154863, , ,42.26601
1500,0.05,0.5,2500,100,0.5,2,478,100.0445,5.403743,11.48821,24.507,28.11283
1500,0.05,0.5,2500,150,0.5,0,479,106.8851,5.391734,11.46288,24.49816,27.96651
1900,0.1,0,2500,150,0.5,1,480,56.7574,7.442979, , ,40.8222
1500,0.05,1,3000,150,0.5,2,481,121.4722,6.287211,11.00779,19.75863,26.8431
1100,0.15,0,2500,150,0.4,2,482,80.27737,3.117469,8.985173, ,28.56034
1100,0.15,0,2500,150,0.5,0,483,65.74016,4.152516,16.10874, ,33.76323
1100,0.05,0,2500,200,0.5,2,484,131.5878,3.402951,7.419079,14.55408,22.8418
1100,0.15,0,3000,200,0.3,0,485,109.7167,2.602861,5.902743,15.34026,22.87513
1100,0.05,0,3000,100,0.5,1,486,100.1374,2.810549,5.994591,11.28267,22.96541
1500,0.05,0.5,2500,150,0.3,1,487,146.634,3.378145,6.514198,11.86637,21.14973
1100,0.1,1,3000,100,0.4,0,488,100.0929,3.906256,6.943568,13.31444,24.1147
1900,0.05,0,2150,100,0.5,1,489,80.80251,7.252238,18.85604, ,34.61291
1500,0.05,0,3000,200,0.4,0,490,139.9699,3.042848,6.578359,12.63116,21.58386
1500,0.1,0.5,2150,100,0.3,0,491,93.11843,4.02275,9.488876, ,27.54914
1500,0.15,0,3000,100,0.3,2,492,92.05414,2.904407,7.572654, ,25.92752
1100,0.15,0.5,2150,150,0.3,1,493,88.70528,3.081783,7.527497, ,26.56817
1500,0.15,1,2500,150,0.3,1,494,77.53983,5.054266,11.35467, ,31.04739
1900,0.05,0,2500,150,0.5,0,495,90.52537,6.105965,14.87864, ,31.46661
1900,0.1,0.5,3000,150,0.3,1,496,102.2483,4.427658,8.911325,23.98677,26.28396
1100,0.05,1,3000,200,0.5,2,497,148.7059,4.164759,7.333178,12.62142,21.85666
1900,0.15,1,3000,100,0.5,1,498,46.35231,9.586719, , ,47.63541
1900,0.05,0.5,3000,150,0.3,0,499,142.8356,3.934679,7.286216,12.98659,22.02158
1900,0.1,1,2500,200,0.4,0,500,69.04793,9.674074,22.52925, ,38.78474
1100,0.1,0,3000,150,0.5,0,501,107.4216,2.981081,7.205068,19.00957,24.31372
1900,0.1,1,2500,150,0.5,0,502,56.74518,9.71391, , ,43.04221
1900,0.05,1,2500,100,0.4,0,503,100.0408,8.051966,14.30602,28.045,30.88158
1100,0.05,0.5,3000,150,0.3,1,504,150.2222,2.21327,4.001959,6.718814,17.0748
1500,0.1,1,3000,150,0.4,2,505,99.31262,5.85808,10.72607, ,28.34739
1900,0.15,1,3000,200,0.3,1,506,74.34421,5.63621,12.80387, ,32.46605
1500,0.05,0,2150,200,0.5,2,507,95.8787,5.553144,13.27671, ,29.95084
1900,0.05,1,3000,150,0.3,1,508,143.0085,5.203058,8.586958,14.25654,23.34561
1500,0.1,0.5,3000,200,0.5,0,509,82.8675,5.021671,12.52672, ,30.73207
1100,0.15,0.5,3000,100,0.5,1,510,78.31835,3.903561,10.26674, ,29.81172
1900,0.1,0,3000,150,0.5,2,511,67.2674,5.759583,20.23227, ,35.55673
1900,0.15,0,2150,150,0.3,2,512,53.78402,5.355288, , ,39.68387
1500,0.15,0.5,3000,150,0.3,1,513,92.04836,3.445582,7.565433, ,26.20552
1900,0.1,1,2150,150,0.4,1,514,60.05419,9.05907,40.75133, ,41.15339
1100,0.05,1,3000,150,0.4,0,515,150.1376,4.089379,6.558531,10.44181,20.24633
1100,0.05,0,3000,150,0.3,0,516,150.3646,2.301591,4.468537,7.55321,17.62509
1100,0.05,0,3000,100,0.3,2,517,100.2423,2.284304,4.484364,7.557282,21.56144
1900,0.15,1,2500,200,0.4,1,518,47.84763,9.641582, , ,46.83997
1100,0.1,0.5,2150,100,0.5,1,519,80.63248,4.917517,12.93724, ,31.17746
1500,0.05,1,2500,150,0.4,0,520,123.4482,5.791626,10.32657,18.69611,26.13206
1900,0.05,1,2500,100,0.5,1,521,90.46183,8.817801,17.59171, ,34.12678
1500,0.15,0,2150,150,0.3,1,522,67.09045,3.853543,14.32703, ,32.93466
1500,0.05,0,2500,150,0.4,1,523,123.4989,3.701866,8.200379,16.57027,24.04128
1500,0.05,0.5,2150,150,0.4,1,524,110.987,4.928531,10.51769,21.98499,26.87517
1100,0.1,1,2150,150,0.3,1,525,118.7437,3.638761,6.938791,14.67521,23.26331
1900,0.05,0,2150,150,0.5,2,526,80.80247,7.321689,18.86053, ,34.61217
1500,0.1,0.5,3000,150,0.5,2,527,82.8675,5.044047,12.5152, ,30.75598
1100,0.15,1,3000,150,0.4,2,528,95.20268,5.057798,8.962761, ,27.31854
1900,0.05,0,2150,100,0.4,0,529,94.34513,5.60575,13.51851, ,30.2641
1900,0.05,1,2500,150,0.4,1,530,105.159,7.943615,14.17894,27.91902,30.68285
1500,0.1,0,2150,200,0.5,0,531,61.23445,6.605805,31.94949, ,38.35137
1500,0.05,0,3000,100,0.5,2,532,100.0742,3.869238,8.553387,17.34219,25.29553
1900,0.1,0.5,3000,100,0.3,0,533,100.0225,4.351999,8.805914,23.91238,26.24593
1900,0.05,0,2500,100,0.3,0,534,100.0838,3.508406,7.727511,15.54303,24.54704
1500,0.1,0.5,2150,150,0.4,2,535,74.14188,5.566494,15.62227, ,33.37879
1900,0.1,0,2500,150,0.3,2,536,87.46385,3.822742,10.19118, ,28.53169
1500,0.05,0,2150,100,0.5,0,537,95.85145,5.575053,13.31637, ,29.96752
1900,0.05,0,2500,200,0.3,2,538,126.321,3.501686,7.738106,15.55837,23.45748
1100,0.15,1,3000,200,0.5,1,539,78.32011,4.643673,10.99649, ,30.57203
1900,0.15,1,2150,100,0.3,0,540,53.78074,7.450745, , ,41.5841
1900,0.05,0,2150,150,0.4,1,541,94.34513,5.624365,13.54912, ,30.29056
1900,0.05,0.5,3000,200,0.3,1,542,142.9278,3.857902,7.210631,12.8795,21.94712
1500,0.1,0.5,3000,150,0.4,1,543,99.30401,4.119779,8.971316, ,26.6129
1500,0.05,0.5,2150,200,0.3,1,544,132.2463,3.769537,7.60452,14.47329,22.97936
1100,0.1,0.5,2500,150,0.3,1,545,134.1461,2.585963,5.220191,10.57335,20.46353
1900,0.1,0,2500,200,0.5,2,546,56.75545,7.37289, , ,40.79039
1100,0.1,0,3000,150,0.3,1,547,150.0718,2.435351,5.066628,9.623686,19.37511
1100,0.05,0,2150,100,0.5,2,548,100.0686,4.012073,8.94878,18.36925,25.62468
1100,0.05,0.5,2500,150,0.4,1,549,150.0869,3.245471,6.298364,11.40277,20.70691
1900,0.05,0.5,3000,200,0.5,0,550,103.3489,5.819645,12.31878,26.97613,28.87977
1100,0.15,0,2500,150,0.3,1,551,101.9401,2.636425,6.536653,20.75709,24.05714
1900,0.1,1,2500,100,0.3,0,552,87.41944,5.514166,11.87036, ,30.11023
1900,0.1,0.5,2150,150,0.4,0,553,60.05754,7.432272,39.12914, ,39.56266
1100,0.1,0.5,2150,150,0.4,1,554,96.31044,3.935985,9.121277, ,26.96495
1900,0.1,0,2150,150,0.4,2,555,60.06346,6.703459,38.38317, ,38.89941
1500,0.15,0.5,2500,100,0.4,0,556,60.06634,5.349052,35.4618, ,36.93148
1900,0.15,0,3000,200,0.4,0,557,57.27071,5.014533, , ,37.74231
1100,0.05,0.5,2150,100,0.5,0,558,100.0686,4.43592,9.372551,18.81074,26.07759
1100,0.15,0.5,2150,150,0.5,0,559,56.74335,5.636079, , ,38.61723
1500,0.05,0,2500,100,0.5,1,560,100.0445,4.719197,10.80725,23.82942,27.45877
1100,0.05,0.5,2500,100,0.4,0,561,100.1428,3.249701,6.317543,11.40186,23.2753
1500,0.05,1,2150,150,0.4,2,562,111.0214,6.374228,11.92529,23.40963,28.31409
1900,0.1,1,3000,150,0.3,2,563,102.3259,4.945092,9.381715,24.49032,26.85487
1100,0.1,0,3000,100,0.3,0,564,100.142,2.440315,5.077312,9.629069,22.14923
1500,0.1,1,2500,150,0.4,1,565,84.8101,6.531772,13.468, ,31.7568
1100,0.1,0,3000,200,0.5,1,566,107.4215,2.988838,7.20905,18.99661,24.33256
1500,0.1,1,2150,200,0.3,0,567,93.10325,5.216774,10.66828, ,28.72544
1900,0.05,0,3000,150,0.4,0,568,119.8667,3.943593,8.726212,17.84666,24.73529
1500,0.1,1,2500,100,0.5,1,569,70.36367,8.020657,20.17718, ,36.88708
1100,0.1,0.5,2500,200,0.4,0,570,109.3882,3.456583,7.419687,18.20814,24.38099
1100,0.1,0,2500,150,0.4,1,571,109.4199,2.885619,6.871326,17.65767,23.86296
1100,0.1,1,2150,200,0.4,0,572,96.33501,5.058338,10.27771, ,28.11923
1500,0.1,1,2150,200,0.4,1,573,74.13763,7.222431,17.27405, ,34.99928
1100,0.15,0,2150,100,0.3,2,574,88.71699,2.867673,7.167744, ,26.24528
1100,0.05,1,3000,200,0.4,1,575,169.8263,4.076897,6.5283,10.43207,20.01542
1900,0.1,1,2500,100,0.5,2,576,56.74918,9.756044, , ,43.02135
1900,0.15,0,3000,100,0.3,0,577,74.35439,3.407107,10.56239, ,30.28747
1500,0.1,1,3000,200,0.3,2,578,123.1907,4.443377,7.578308,14.46223,23.55096
1100,0.1,0.5,2150,200,0.3,1,579,118.7608,2.903953,6.188638,13.93996,22.52912
1100,0.1,0.5,3000,150,0.5,1,580,107.3775,3.664632,7.86449,19.63712,24.93717
1100,0.05,0.5,2150,200,0.3,0,581,160.0301,2.761671,5.397787,9.728351,19.31708
1500,0.15,0.5,3000,150,0.4,2,582,71.67983,4.577887,12.79832, ,32.19093
1500,0.1,0,2150,150,0.4,1,583,74.15018,4.944495,15.0331, ,32.77221
1100,0.1,0,2500,200,0.3,1,584,134.1861,2.466677,5.45583,10.59283,20.52797
1900,0.15,0,2150,100,0.5,0,585,33.39532,15.26155, , ,60.46305
1900,0.1,0,3000,100,0.5,1,586,67.2674,5.752377,20.25596, ,35.56443
1900,0.1,0.5,3000,150,0.5,0,587,67.25255,6.729778,21.18234, ,36.42383
1500,0.1,1,3000,100,0.3,0,588,100.0813,4.428206,7.527092,14.43165,24.73633
1900,0.15,1,3000,150,0.4,1,589,57.26544,8.271508, , ,40.88446
1500,0.15,0.5,3000,100,0.5,2,590,58.34542,5.543783, , ,37.80886
1100,0.05,1,2150,100,0.5,1,591,100.0686,5.104238,10.0548,19.49076,26.74786
1100,0.1,0,3000,100,0.5,2,592,100.0372,2.980521,7.211872,18.98403,24.54225
1900,0.05,0,2150,200,0.3,1,593,113.5299,4.120558,9.325903,19.97779,25.66648
1100,0.15,1,2150,100,0.3,1,594,88.69884,5.088351,9.540664, ,28.53425
1100,0.15,1,2500,150,0.4,1,595,80.27085,5.486323,11.38705, ,30.87966
1500,0.15,0,3000,150,0.4,1,596,71.68829,3.596363,11.8173, ,31.32607
1100,0.15,0,2150,150,0.3,0,597,88.71699,2.905751,7.209086, ,26.28167
1100,0.15,0.5,2500,150,0.3,2,598,101.9785,2.793541,6.109966,20.51338,23.88663
1500,0.05,0.5,2500,100,0.3,0,599,100.1325,3.366055,6.518075,11.85671,23.45863
1900,0.15,1,2500,100,0.3,1,600,62.34026,6.315615,22.78757, ,36.99635
1900,0.15,1,2150,150,0.5,0,601,33.39515,17.65373, , ,62.41011
1500,0.1,0.5,2150,100,0.5,2,602,61.23434,7.3468,32.70644, ,39.11043
1500,0.15,0.5,3000,100,0.4,1,603,71.67983,4.551597,12.78725, ,32.17818
1900,0.1,1,2150,100,0.4,0,604,60.05419,9.075757,40.73772, ,41.16954
1900,0.15,0,2150,200,0.4,1,605,41.20482,8.696425, , ,50.02874
1100,0.05,0.5,2500,200,0.5,0,606,131.5582,3.940806,7.973063,15.07647,23.36503
1500,0.05,0,3000,200,0.5,1,607,121.5525,3.868359,8.551883,17.37183,24.46009
1900,0.15,0.5,2150,100,0.4,0,608,41.19793,9.572479, , ,50.76834
1900,0.1,0,2150,150,0.5,0,609,49.1614,9.336643, , ,45.90114
1100,0.1,1,3000,200,0.5,0,610,107.3708,6.077045,10.27651,22.06711,27.36661
1900,0.1,0,2500,100,0.3,1,611,87.46385,3.841153,10.19314, ,28.53216
1100,0.05,1,3000,150,0.3,2,612,150.2222,3.334112,5.117867,7.833742,18.17414
1500,0.1,1,2150,200,0.5,2,613,61.23164,9.071438,34.40003, ,40.7835
1500,0.1,0.5,3000,200,0.4,2,614,99.30401,4.119764,8.955964, ,26.59511
1100,0.15,0.5,2150,150,0.4,2,615,69.49336,4.41497,13.63308, ,32.75729
1500,0.15,0,2150,200,0.3,2,616,67.09045,3.878743,14.36719, ,32.95561
1100,0.05,0,3000,150,0.4,1,617,150.1376,2.384101,4.750797,8.598483,18.47055
1100,0.1,0.5,2500,150,0.4,2,618,109.41,3.447402,7.450869,18.20407,24.40694
1900,0.05,0,2500,100,0.4,1,619,100.0408,4.766795,11.02215,24.722,27.65821
1900,0.05,0,2500,150,0.4,2,620,105.3414,4.775565,10.99559,24.73599,27.60371
1500,0.15,0.5,2150,200,0.3,0,621,67.087,4.544113,15.01656, ,33.57122
1900,0.05,0,2150,150,0.3,0,622,113.5704,4.107759,9.324598,19.99549,25.70001
1900,0.15,0.5,2150,100,0.5,1,623,33.24789,16.58818, , ,61.1728
1900,0.05,0,2500,100,0.5,2,624,90.52544,6.133062,14.90571, ,31.49141
1100,0.1,1,2500,150,0.5,1,625,91.98312,6.633677,12.4384, ,30.46274
1900,0.15,0.5,2150,150,0.5,2,626,33.24791,16.49187, , ,61.17609
1900,0.15,0.5,2150,200,0.4,2,627,41.19793,9.566264, , ,50.76493
1900,0.1,0,2500,100,0.5,0,628,56.75743,7.369328, , ,40.81287
1100,0.1,0.5,2150,200,0.5,0,629,80.63248,4.920866,12.9421, ,31.17994
1900,0.15,0,2500,150,0.3,0,630,62.34312,4.328031,20.80126, ,35.05643
1500,0.15,0,2150,150,0.4,2,631,51.79961,5.789312, , ,41.10489
1900,0.05,0,2150,100,0.3,2,632,100.0566,4.119239,9.355183,19.99066,26.09906
1100,0.1,1,3000,200,0.4,2,633,126.9926,4.260212,7.280391,13.66437,23.0171
1900,0.1,1,2150,150,0.5,2,634,49.15716,11.43511, , ,47.86489
1900,0.05,1,3000,200,0.4,0,635,119.6894,7.237638,11.98478,21.11026,27.92449
1900,0.15,1,2500,100,0.5,0,636,38.66506,12.44643, , ,55.11141
1500,0.05,1,3000,100,0.4,0,637,100.1153,5.364563,8.896999,14.98602,25.76857
1500,0.05,0.5,2500,100,0.4,1,638,100.0782,4.41592,8.915481,17.30327,25.67595
1900,0.1,0.5,2500,200,0.5,0,639,56.75299,8.242262, , ,41.5863
1900,0.15,1,2500,150,0.4,0,640,47.84743,9.693398, , ,46.84154
1500,0.05,0.5,2150,100,0.3,2,641,100.098,3.803107,7.623393,14.49136,24.4955
1900,0.05,0.5,3000,150,0.5,2,642,103.3489,5.789052,12.34003,26.99602,28.89584
1900,0.15,1,3000,150,0.3,0,643,74.34421,5.641055,12.77953, ,32.44209
1100,0.05,0,2150,100,0.3,0,644,100.1695,2.501804,5.068,9.404519,22.17776
1100,0.15,1,2150,150,0.4,0,645,69.49247,6.050004,15.27055, ,34.36109
1500,0.15,0.5,2500,200,0.3,1,646,77.54363,3.801007,10.12048, ,29.82984
1100,0.05,1,2500,200,0.5,1,647,131.5977,4.658212,8.658923,15.77876,24.08255
1900,0.05,1,2150,100,0.5,0,648,80.77021,9.781621,21.33789, ,37.06263
1900,0.15,1,3000,200,0.5,0,649,46.35223,9.758837, , ,47.79422
1500,0.15,0,2500,200,0.5,2,650,48.75504,6.510619, , ,43.34238
1100,0.1,0.5,2150,100,0.3,2,651,100.0692,2.91279,6.217379,13.93786,23.45711
1100,0.15,0.5,3000,100,0.3,2,652,100.0822,2.451441,4.867698,10.97201,22.27533
1100,0.15,0,2150,200,0.3,1,653,88.71699,2.907138,7.211601, ,26.2831
1500,0.05,0.5,3000,150,0.4,0,654,139.7519,3.920563,7.469076,13.55339,22.40996
1100,0.05,0.5,2500,100,0.3,2,655,100.2163,2.53726,4.752058,8.240889,21.90923
1100,0.15,0,2150,150,0.4,1,656,69.49432,3.761672,13.00112, ,32.12477
1500,0.15,1,2500,150,0.4,2,657,60.06594,6.658957,36.73577, ,38.20288
1900,0.1,0.5,2500,150,0.4,1,658,69.06174,6.330463,19.1991, ,35.52239
1500,0.05,1,2150,150,0.3,1,659,132.1942,4.901527,8.716675,15.60429,24.08945
1100,0.1,0,3000,100,0.4,1,660,100.0929,2.352639,5.359021,11.73995,22.59258
1100,0.15,0.5,3000,200,0.3,1,661,120.1673,2.450215,4.881978,10.96474,21.03746
1900,0.1,0.5,2150,150,0.5,1,662,49.15903,10.12595, , ,46.65755
1100,0.05,0.5,2150,100,0.3,1,663,100.1695,2.750718,5.402718,9.703922,22.47587
1900,0.15,1,2150,200,0.4,0,664,41.19729,11.50454, , ,52.65295
1100,0.05,0.5,3000,150,0.5,0,665,148.7283,3.49176,6.680267,11.97991,21.20029
1500,0.15,0,3000,200,0.4,2,666,71.68829,3.617947,11.8433, ,31.33201
1100,0.05,0.5,3000,200,0.4,0,667,169.7215,2.888684,5.320884,9.226612,18.79406
1100,0.05,1,2500,100,0.5,2,668,100.0969,4.632409,8.65274,15.77328,25.44106
1100,0.1,1,3000,200,0.3,1,669,154.8164,3.149063,5.220934,8.9363,19.19233
1900,0.15,1,3000,200,0.4,2,670,57.26606,8.256623, , ,40.89979
1500,0.1,0.5,2500,100,0.3,1,671,100.0322,3.562772,7.717151,20.15173,25.13412
1100,0.05,0,2500,150,0.4,0,672,150.087,2.685931,5.753307,10.83708,20.17301
1900,0.15,0,2150,200,0.3,0,673,53.78363,5.384819, , ,39.66854
1500,0.05,1,3000,100,0.3,2,674,100.1816,4.273342,6.789268,10.8435,23.84494
1900,0.1,0,2500,150,0.4,0,675,69.06964,5.508161,18.36412, ,34.72022
1900,0.15,0.5,3000,100,0.4,2,676,57.26595,6.27205, , ,38.88426
1900,0.15,1,2500,150,0.5,1,677,38.66501,12.45487, , ,55.08825
1500,0.15,1,2500,100,0.4,1,678,60.06515,6.640611,36.74798, ,38.184
1100,0.1,1,2150,100,0.3,0,679,100.0692,3.658559,6.95968,14.67777,24.19691
1100,0.15,1,2150,100,0.5,0,680,56.744,6.260393, , ,39.24086
1500,0.05,0,2500,200,0.3,1,681,146.743,2.722315,5.907176,11.21242,20.52628
1100,0.1,0,2150,200,0.4,1,682,96.34853,3.416194,8.603131, ,26.50628
1900,0.1,0.5,2150,200,0.5,2,683,49.15903,10.13654, , ,46.6698
1500,0.1,0,3000,100,0.5,0,684,82.8853,4.27003,11.73822, ,29.99662
1900,0.15,0,2150,100,0.4,2,685,41.20482,8.787992, , ,50.03239
1100,0.05,1,2150,200,0.4,2,686,136.0633,4.765158,8.501311,14.95548,23.68942
1100,0.05,0,2500,100,0.3,1,687,100.2163,2.303221,4.770765,8.091326,21.7948
1100,0.05,1,2150,100,0.4,0,688,100.1074,4.74439,8.48044,14.94884,25.33757
1500,0.1,0,2150,200,0.3,1,689,93.14587,3.530692,8.981414, ,27.08953
1500,0.1,0.5,3000,200,0.3,1,690,123.1704,3.18028,6.279856,13.18386,22.27241
1900,0.15,0.5,2150,150,0.4,1,691,41.19793,9.575445, , ,50.77312
1900,0.15,0,2500,100,0.3,2,692,62.34312,4.333794,20.79477, ,35.06195
1100,0.1,1,3000,100,0.3,2,693,100.1826,3.158372,5.228827,8.947316,22.48316
1500,0.15,0.5,2150,100,0.3,1,694,67.08833,4.515426,15.01, ,33.56422
1900,0.05,0,2500,200,0.4,0,695,105.307,4.751337,11.00416,24.71114,27.57933
1100,0.1,0.5,2150,100,0.4,0,696,96.32481,3.934824,9.13475, ,26.97604
1900,0.1,0.5,3000,100,0.4,1,697,81.37883,5.537031,13.27232, ,31.47743
1100,0.15,1,2500,200,0.4,2,698,80.26743,5.494415,11.3478, ,30.85569
1500,0.15,1,2150,150,0.4,1,699,51.79802,7.687185, , ,42.88243
1100,0.15,0,2500,200,0.3,2,700,101.9401,2.611983,6.530908,20.7666,24.05039
1500,0.05,0,2150,100,0.4,2,701,100.0523,4.301785,9.885193,21.38925,26.57712
1100,0.15,1,3000,200,0.3,2,702,120.1808,4.518042,6.949735,13.05502,23.10942
1100,0.1,0.5,3000,200,0.5,2,703,107.3775,3.638058,7.87295,19.62833,24.92891
1900,0.05,0.5,2150,150,0.5,0,704,80.7653,8.080691,19.63699, ,35.37656
1100,0.15,1,3000,100,0.3,0,705,100.0823,4.5352,6.93786,13.02359,24.37595
1500,0.1,0.5,2150,150,0.3,1,706,93.1286,4.06731,9.51948, ,27.60783
1100,0.15,0.5,3000,150,0.5,2,707,78.31835,3.890206,10.25871, ,29.78134
1500,0.05,1,2150,200,0.4,0,708,111.0214,6.358437,11.95823,23.39829,28.2997
1500,0.1,1,2150,100,0.3,1,709,93.11555,5.224,10.64383, ,28.73211
1500,0.15,1,2150,200,0.3,1,710,67.08804,5.533938,16.01997, ,34.55938
1900,0.15,1,2150,150,0.4,2,711,41.19743,11.47798, , ,52.64088
1100,0.05,0.5,2150,200,0.4,1,712,136.0269,3.598574,7.305391,13.7878,22.49105
1100,0.15,0,3000,200,0.5,2,713,78.32134,3.257534,9.610299, ,29.18601
1900,0.05,1,2500,150,0.3,0,714,126.2361,5.613653,9.849496,17.68695,25.5535
1900,0.05,0.5,2500,150,0.4,0,715,105.2431,5.583128,11.85034,25.57616,28.37425
1900,0.15,0.5,2150,150,0.3,0,716,53.78284,6.175032, , ,40.43871
1900,0.05,0.5,2150,200,0.5,1,717,80.7653,8.109223,19.62786, ,35.37183
1900,0.15,0.5,3000,200,0.5,2,718,46.35293,7.985134, , ,46.11592
1900,0.15,0,2500,200,0.3,1,719,62.34312,4.318086,20.77264, ,35.0608
1500,0.1,0.5,3000,150,0.3,0,720,123.1704,3.170505,6.269695,13.15781,22.26094
1500,0.15,0,2150,100,0.4,1,721,51.79929,5.806405, , ,41.06981
1500,0.15,0.5,2500,150,0.5,2,722,48.75421,7.225023, , ,44.00842
1900,0.15,0.5,2150,200,0.5,0,723,33.24791,16.5053, , ,61.19264
1500,0.15,1,3000,100,0.4,2,724,71.68326,5.769438,13.96888, ,33.41011
1500,0.05,0,2500,150,0.5,2,725,106.9293,4.686695,10.80163,23.84173,27.29498
1900,0.15,1,3000,150,0.5,2,726,46.35223,9.735538, , ,47.76694
1500,0.1,1,3000,100,0.4,1,727,99.29659,5.898205,10.75063, ,28.35853
1100,0.1,0,2500,150,0.3,0,728,134.2248,2.454385,5.453289,10.60517,20.52929
1100,0.05,0.5,3000,100,0.5,2,729,100.1374,3.470936,6.686327,11.95403,23.59336